,order_id,payment_sequential,payment_type,payment_installments,payment_value
0,qvrK7ROfp1w6,1,voucher,1,307.86
1,RQi6usDkH0z5,7,voucher,1,120.47
2,xYh4tcmBf0pq,2,voucher,1,8.13
3,903k3PvOOCNz,1,voucher,1,161.26
4,uJxv0BlTzZKk,1,voucher,1,289.55
5,n5anh2ES0Qrx,1,voucher,1,68.39
6,2h0BGlUwGRS1,13,voucher,1,85.24
7,zgIMZEReS5B1,2,voucher,1,188.85
8,Io6QaiAgVYoZ,2,voucher,1,48.75
9,w4jk8j2fTnhw,1,voucher,1,320.61
10,q4CIb4iWNj6w,1,voucher,1,43.06
11,E93Sn1q2YqAV,2,voucher,1,5.75
12,FrByV3btkMWv,2,voucher,1,25.27
13,zErVTquqlznU,2,voucher,1,208.89
14,xiJphil15jpi,3,voucher,1,166.39
15,Jcy2W2E0Agmu,2,voucher,1,33.48
16,KYO2H5mu4Wc2,5,voucher,1,33.48
17,DAYUX6uOyR75,14,voucher,1,534.25
18,5AI7yWNtkxDG,2,voucher,1,168.6
19,OR0wt8h1DIKb,2,voucher,1,138.7
20,WWw3VcoVGQWw,3,voucher,1,1086.08
21,qMnWT2faWgwg,1,voucher,1,37.12
22,DwOeec3mPOL9,2,voucher,1,49.91
23,VLa5YZFj2W0i,1,voucher,1,1166.43
24,U39IZgP9B2Pr,2,voucher,1,39.69
25,ThqqOmxw1IuW,2,voucher,1,355.58
26,xj31p7wHOd6X,2,voucher,1,145.48
27,GFTwjcw6q56j,3,voucher,1,61.02
28,V31QKgYddF4p,1,voucher,1,34.79
29,tCK55o06SO34,2,voucher,1,30.09
30,aHzSMYk4vQMK,2,voucher,1,107.55
31,p8erECFNyNYX,10,voucher,1,25.49
32,L3T6OJnjTlXb,3,voucher,1,727.98
33,Rmc3vFluFqEi,1,voucher,1,206.2
34,e0odnJSmEDtd,2,voucher,1,193.47
35,z0ppW11jMOEz,1,voucher,1,255.33
36,GXDPr1j1Ts2p,2,voucher,1,689.93
37,ihTw90B7Ce4l,1,voucher,1,292.24
38,vymz5lkzhWAf,4,voucher,1,68.48
39,itJCIOvIStXG,2,voucher,1,699.94
40,rDmHn42asc0j,1,voucher,1,173.28
41,vf6uiRPeifs0,1,voucher,1,209.3
42,5uzvoibX8FHC,1,voucher,1,364.46
43,Y3WY9sDDUYOx,8,voucher,1,182.98
44,JpjzehQbDbkj,4,voucher,1,33.48
45,wxmystJmVnr9,2,voucher,1,193.31
46,jvf1jaFnBAOA,3,voucher,1,100.33
47,FgH3tZB0TzFU,3,voucher,1,16.67
48,EL99Y78lnlDu,2,voucher,1,10.41
49,3hThD6oeo1LZ,2,voucher,1,215.6
50,shEj3d5DgnWR,3,voucher,1,145.48
51,5yQHdJXAhRXb,1,voucher,1,33.48
52,V4vVTU7zHvzG,2,voucher,1,406.58
53,Dylnzoiyze7m,2,voucher,1,589.75
54,BVYCKGrYYMa1,2,voucher,1,798.53
55,rAiatkNN66Q0,2,voucher,1,61.06
56,1C1YRHrpcLIj,1,voucher,1,530.47
57,kXBtPluBHGRx,1,voucher,1,66.71
58,e08ASoDb0oDp,2,voucher,1,36.62
59,gnlPnWmWWtXK,10,voucher,1,128.1
60,BbOHPhWKoygI,2,voucher,1,625.78
61,NCJMUY7KMObP,10,voucher,1,41.42
62,4fh63FKBO46D,2,voucher,1,751.17
63,gApJxsGrQIVN,2,voucher,1,14.72
64,oatd1cbEalSD,2,voucher,1,294.58
65,9sKzLqMqJnRl,3,voucher,1,490.52
66,68g6h1PhBRTr,1,voucher,1,406.65
67,BUludhBjND12,7,voucher,1,124.79
68,JJUg6OMhduxM,2,voucher,1,326.92
69,2Tg52nz7wG56,2,voucher,1,15.75
70,iW3NWIgygNRY,1,voucher,1,289.55
71,Qyy10x5yg4ib,2,voucher,1,138.66
72,7zjtwlNCiwPe,2,voucher,1,274.97
73,5QorVBPTnqTo,2,voucher,1,905.18
74,5hxLNdr99XDE,2,voucher,1,317.85
75,TCUprQPRiiTe,2,voucher,1,256.77
76,6svglhuUMuyZ,6,voucher,1,13.09
77,izKm51mSVOLl,2,voucher,1,294.5
78,ON3PtgSqxuXl,2,voucher,1,272.61
79,Y71r45LCgOb1,2,voucher,1,211.4
80,WECr1gXEXfXq,1,voucher,1,182.29
81,MSAmqql1KUub,2,voucher,1,419.37
82,Bwd0ZF3ciVaS,1,voucher,1,124.14
83,VUtGz1Toq9eP,6,voucher,1,55.25
84,A7bS0aCmmDsR,1,voucher,1,381.88
85,L2tx2vj3B5Mq,2,voucher,1,447.18
86,R3DiUidVTxPv,3,voucher,1,280.89
87,MqEE2iL7v4W0,2,voucher,1,30.61
88,QSPlGFSh7jAa,18,voucher,1,89.27
89,dv0Fzty7Uk1k,3,voucher,1,138.87
90,B0yybxY84p9h,1,voucher,1,267.62
91,W3uPYwRQrSuS,1,voucher,1,12.68
92,grNe8TvcDFqJ,2,voucher,1,266.0
93,R64hYSjJL2FC,8,voucher,1,63.18
94,UiaXx9PweYHl,2,voucher,1,221.12
95,EzXMCVYuzNWk,2,voucher,1,47.46
96,F5FwCWy0pMEj,2,voucher,1,151.93
97,H9ZqBDGfoY7T,14,voucher,1,534.25
98,Bi7gqiRDuGTO,2,voucher,1,330.17
99,f3ZPze4OUtBh,2,voucher,1,5.99
100,f4cTEuiD8VrM,2,voucher,1,145.48
101,gRtjozSl8HIh,2,voucher,1,270.06
102,CLDHt94wWceI,4,voucher,1,620.44
103,PO8CNKzkjGwl,2,voucher,1,32.58
104,As8wn2RUNUVN,2,voucher,1,121.48
105,rHli0b1E7ywD,2,voucher,1,406.58
106,RGB0b5nZXWnf,1,voucher,1,106.96
107,2Ne0RDhjTpXg,1,voucher,1,183.28
108,xChNkCTsUM7V,2,voucher,1,748.34
109,bMbNujiAOK64,2,voucher,1,184.82
110,TXuYgh0UsdWy,2,voucher,1,91.07
111,cbWPuDWjVIca,2,voucher,1,1843.85
112,zyIM7fi3EJqg,4,voucher,1,119.9
113,ZUAGzqxQNwFa,2,voucher,1,220.12
114,RnizqtoeO6zO,2,voucher,1,355.11
115,AXCvIfyoeBuP,3,voucher,1,116.92
116,hqPRm1HhR8eM,2,voucher,1,73.08
117,Hng1LjO9FdRy,2,voucher,1,145.48
118,bAqq2QDXQUmW,2,voucher,1,14.12
119,NYLGuqaplSE4,3,voucher,1,145.48
120,OqbSnvefUdU3,2,voucher,1,2.86
121,vtnTBNtYYZGC,1,voucher,1,728.43
122,dHXpOO3U4Kev,1,voucher,1,182.42
123,2CjanYjq0wsM,2,voucher,1,257.37
124,W1sYQJ8w82Ff,7,voucher,1,218.98
125,UpQzLPVF9yfv,2,voucher,1,31.52
126,d5TuWe9tgJy2,8,voucher,1,55.1
127,ECKH58uIYkUI,1,voucher,1,68.39
128,dq4qP0Xb0mCB,2,voucher,1,189.63
129,7VUlUxXfXd3Q,2,voucher,1,33.48
130,gHK4TQ3fAk9R,2,voucher,1,354.52
131,jjkxxfpT259x,3,voucher,1,63.18
132,F20ZnobUfuD6,2,voucher,1,355.76
133,6mLGxIz3amRn,1,voucher,1,55.79
134,tLM6JlwrLXEz,1,voucher,1,79.21
135,okuxSKoDW2PH,1,voucher,1,51.89
136,k8JiqhffBilE,1,voucher,1,92.89
137,o6EVJXOJ3OjI,2,voucher,1,176.63
138,rwgkkARYzh9T,4,voucher,1,25.58
139,pUtKprpVFxMP,2,voucher,1,145.48
140,st3YQTa7VWs4,1,voucher,1,401.07
141,A6eQvCVk8Ekf,2,voucher,1,145.48
142,RkSUob3JnAoe,2,voucher,1,698.1
143,16fsrZy5BmuR,3,voucher,1,119.9
144,gFKODgmx55eh,1,voucher,1,413.12
145,HyWLFpf2OyUy,3,voucher,1,187.96
146,iiSiACdHPYGX,5,voucher,1,304.05
147,aEZ8lwweeBjQ,1,voucher,1,389.45
148,et2Mc3CjbcPz,2,voucher,1,617.69
149,Eosxv4pHGT2V,1,voucher,1,118.87
150,Bs8uFcm2AMdf,2,voucher,1,100.33
151,fKgNIOjnzj9P,2,voucher,1,201.09
152,HidRzqPTWQGi,1,voucher,1,12.71
153,ctiZWYbYUn1J,3,voucher,1,33.48
154,tZn9eEaCDu3f,2,voucher,1,118.75
155,2aXWZIxVTrYW,2,voucher,1,145.48
156,Qf15B6oYzcbI,5,voucher,1,33.48
157,9XlPPh3KTwxY,1,voucher,1,210.29
158,vFcAjkr5TwSq,8,voucher,1,362.95
159,KrvA9fQMLOU2,2,voucher,1,33.48
160,cQZ9MbDr9mCt,1,voucher,1,317.53
161,eziXEEAlNapF,6,voucher,1,198.55
162,LnZQYukKlUAQ,1,voucher,1,220.63
163,I43pIgEgeYNy,1,voucher,1,187.51
164,zB169Tmo2i1Q,2,voucher,1,101.54
165,mU46Mr1lvQ2Q,2,voucher,1,55.25
166,YhGt6O6z2ibR,3,voucher,1,294.5
167,6iOj6YbDcsZ0,2,voucher,1,145.48
168,ICuOpEyLsWfC,4,voucher,1,33.48
169,BgoslStcREzk,1,voucher,1,210.73
170,OfoBcSPh8hJ7,1,voucher,1,428.78
171,f1SwhdlQkRtQ,2,voucher,1,279.38
172,mYULAmYNnfeg,4,voucher,1,12.86
173,amB6GlHtoNvj,2,voucher,1,905.18
174,WbeBo5ZGbsLd,2,voucher,1,44.24
175,DT0HnezGwwUd,3,voucher,1,680.96
176,9SKI7dyy79Rs,1,voucher,1,369.87
177,CWcIpwdC748M,6,voucher,1,237.51
178,8Gs48alKwluz,2,voucher,1,28.13
179,bLR2CH8xFzKd,4,voucher,1,129.77
180,YyHc9IP9T6Al,1,voucher,1,84.96
181,FwMHol0F3Udl,1,voucher,1,559.26
182,Ehl9JrMKRgqv,5,voucher,1,218.35
183,L0XtUJ29KqxG,3,voucher,1,485.72
184,R7UppOxbNgFb,1,voucher,1,431.15
185,T6ejFjdhbtNz,2,voucher,1,132.72
186,qAkxDxhJcnhV,2,voucher,1,52.61
187,PEQ8SPyIRT7y,2,voucher,1,101.21
188,L9PrErWLlAbw,4,voucher,1,396.32
189,Kcgm0sdlQoZQ,3,voucher,1,129.04
190,vPYUVO6oOxAF,1,voucher,1,74.43
191,7Do6ZM8sPRuC,16,voucher,1,352.02
192,bbIywtwhCSJj,2,voucher,1,119.3
193,tSQ57HY3D9he,2,voucher,1,0.85
194,TnlR9luY79dh,3,voucher,1,62.86
195,mOGKLDJDLjkG,2,voucher,1,1843.85
196,8CSHGPdG9MVQ,1,voucher,1,6.68
197,JJaV48U2PBqn,3,voucher,1,149.32
198,cVYOcnVYx5lg,3,voucher,1,415.76
199,InlsDDMVuPhm,2,voucher,1,124.32
200,6UZGHWqKCvme,1,voucher,1,160.21
201,JMJg87SxLxRb,2,voucher,1,1843.85
202,vdC5AwO2MYVG,1,voucher,1,292.72
203,keCfxbrI4CTd,3,voucher,1,156.37
204,oui2kpeIaU5G,2,voucher,1,203.82
205,vaQ2q07JBETI,1,voucher,1,313.85
206,JWNtLYHQlnTd,2,voucher,1,33.48
207,ZRwFvK6OnQmo,2,voucher,1,145.48
208,NbvlPeX19YvL,1,voucher,1,40.49
209,kJaPPWBCLcnb,3,voucher,1,135.2
210,jhR1emfiuJfn,1,voucher,1,57.42
211,DFVPOuyeKy1F,2,voucher,1,223.12
212,Pf2J9s3whGcG,3,voucher,1,6.69
213,oNcX95Dfb7np,2,voucher,1,457.2
214,ZJZDmJn6XmTb,3,voucher,1,383.25
215,n8mazWBtQO9f,2,voucher,1,162.81
216,J5ZSWOmSOrJw,2,voucher,1,196.38
217,zxIE6Y8Yr0io,2,voucher,1,46.81
218,iRtXtaYB1nQI,7,voucher,1,25.68
219,xD8gi5spF1dr,1,voucher,1,177.12
220,TPfiN4zII6gK,4,voucher,1,517.72
221,Fhxoo1RQyY6j,1,voucher,1,34.11
222,jWelYVZ0Upcd,2,voucher,1,135.34
223,nQDvyB8jiGdO,4,voucher,1,85.24
224,MSp3p1tlfCx4,1,voucher,1,25.58
225,83XPR4g91Gpw,2,voucher,1,1843.85
226,GuJ8SN8VeUTp,2,voucher,1,0.47
227,giajT5iFIjee,1,voucher,1,262.67
228,xrFZmNpXzVBO,1,voucher,1,467.99
229,KKxowbYdUYe3,3,voucher,1,61.62
230,yvCxxW1wvPOc,1,voucher,1,126.22
231,ddNUSvmFvARS,1,voucher,1,38.18
232,Ssqntoob5yPd,2,voucher,1,101.37
233,JXMDVNh9yhMl,3,voucher,1,214.61
234,d72PIOOT6Edj,1,voucher,1,828.08
235,XkQOVxkprSQW,1,voucher,1,841.23
236,9tRXDFIp3KEl,2,voucher,1,122.69
237,fZBXo6hJw2nX,4,voucher,1,328.52
238,i7gA0wWmUbuV,6,voucher,1,232.39
239,aAQtE9Xet0On,4,voucher,1,33.48
240,MxmlYxIAq7Ui,2,voucher,1,38.34
241,YzP9h0dxgoos,2,voucher,1,398.74
242,cLxxAwqrh5X9,2,voucher,1,181.59
243,uUvcOvzxgUVm,2,voucher,1,98.65
244,ZtUKZcClBYjo,3,voucher,1,328.63
245,FkYNMrcrhYq2,2,voucher,1,209.33
246,7DCnvpalRLSP,2,voucher,1,282.77
247,B4kUWYUwjL40,2,voucher,1,167.73
248,SzpcJtiRtzsI,2,voucher,1,347.05
249,njvj2BGrU84J,3,voucher,1,104.14
250,fwdedZX6znV0,3,voucher,1,299.26
251,gq227db0YDtH,2,voucher,1,726.76
252,C24Vt278A6nH,2,voucher,1,141.52
253,sBA3k4huBIAb,2,voucher,1,86.09
254,QLmkzPAxNjIG,2,voucher,1,104.31
255,f1NvLsE94C7U,1,voucher,1,25.58
256,zB2MYUpsFFgJ,2,voucher,1,3155.82
257,jRbDqU7iXi97,1,voucher,1,36.76
258,Wsvkf4hcRcg5,1,voucher,1,10.08
259,pLUROya5Bcor,2,voucher,1,355.76
260,e8uLb5fxeX4P,1,voucher,1,509.66
261,Q9tkAWlvgjZl,1,voucher,1,246.91
262,tJA0fBqdjlnc,2,voucher,1,185.22
263,Og3GcZBbBzQr,10,voucher,1,120.47
264,beSqFu46RZxv,4,voucher,1,33.48
265,mufSkXbftzpu,1,voucher,1,472.94
266,J216P3c6FnLZ,1,voucher,1,60.9
267,jooW7xkMVmfB,2,voucher,1,923.63
268,C6jAkqYTFWPn,3,voucher,1,33.48
269,0icaXQayqvJP,8,voucher,1,3360.66
270,3jJNEtl2oGkc,2,voucher,1,914.11
271,QO7MrT93T9sp,8,voucher,1,131.57
272,wFhjtwxjdzcl,2,voucher,1,120.62
273,UsVg0S1auDfo,1,voucher,1,269.75
274,KofToqHh0qe0,2,voucher,1,779.77
275,YcD7v28F7Efj,2,voucher,1,1843.85
276,h8mX134dkAfV,2,voucher,1,145.48
277,q4m43er83ygX,3,voucher,1,1041.4
278,xuXVl5hwTwGa,7,voucher,1,142.11
279,BDo41oJghg4T,2,voucher,1,1843.85
280,9Hc89yqAIDgc,2,voucher,1,295.7
281,oNotezrMF9Ws,2,voucher,1,260.52
282,VHxQNVy8WwGx,5,voucher,1,253.36
283,E0tGDiG46Waz,2,voucher,1,758.32
284,AfE5twnk4rKm,3,voucher,1,127.26
285,AxRlr35jURtO,2,voucher,1,359.62
286,9AlrHiljgFOd,2,voucher,1,193.31
287,Wui1y56UpDnr,1,voucher,1,294.3
288,sQPaTdqgM7hY,8,voucher,1,344.07
289,cI8SQXTj6M3D,2,voucher,1,175.3
290,sar3kVqaSDJF,2,voucher,1,275.76
291,IAiQCFh0ByHy,2,voucher,1,55.85
292,vn6nUKgD46ml,2,voucher,1,18.97
293,OY61RdKent38,2,voucher,1,145.48
294,tqmA2xUMBuD9,4,voucher,1,711.74
295,5yvfSSFXLm2O,2,voucher,1,614.49
296,xk1QMyp9VcN5,1,voucher,1,182.29
297,Jr3YWSJ32Kn1,1,voucher,1,95.01
298,FXMgdQrQl3Nn,16,voucher,1,534.25
299,zInqXFjodtkm,10,voucher,1,93.07
300,cKE63BW3Xx5Z,2,voucher,1,290.72
301,HzQtxO6b5mjf,2,voucher,1,1843.85
302,RmlB5aODcmoF,2,voucher,1,97.18
303,EakmCD2qDTLF,3,voucher,1,148.07
304,WCV5ih5kxxkX,1,voucher,1,115.51
305,1JlxH91xx4N8,1,voucher,1,328.41
306,pSs2RUlhZYJZ,2,voucher,1,316.92
307,LeptGgDa4D8w,2,voucher,1,567.6
308,qqcuN65k7t4A,3,voucher,1,406.58
309,iGDo2inszJUw,2,voucher,1,47.46
310,fnoNyEn2FPXL,3,voucher,1,321.92
311,MfF8xaYmRjAW,1,voucher,1,306.63
312,vNML6kdL9DB5,3,voucher,1,60.68
313,Zyjcef0u4e6v,1,voucher,1,69.55
314,BAizcuumb4D3,2,voucher,1,197.44
315,44gxIaOtklYH,2,voucher,1,251.97
316,o0OvJo6ykfdG,4,voucher,1,299.26
317,mYUHmS6g4jkj,9,voucher,1,25.58
318,uOV0XhE8WKsN,2,voucher,1,1843.85
319,nXYRImQIgmo2,1,voucher,1,55.7
320,ygGQlbIhi6wl,2,voucher,1,64.64
321,PmH7AM0eTAbA,4,voucher,1,353.45
322,KxRNuUSZIGNg,2,voucher,1,1843.85
323,otxmRhJNjp4r,2,voucher,1,394.09
324,43Q1saBsLIeT,6,voucher,1,145.48
325,LdaspldiZOG4,2,voucher,1,33.98
326,NNkDERs9pbqZ,2,voucher,1,92.67
327,TtadQSmnD4cY,2,voucher,1,291.03
328,C6LhJN0F86PZ,1,voucher,1,6.7
329,pvgjMjRwn14b,3,voucher,1,25.58
330,OZrs6X74RfF5,5,voucher,1,5.86
331,4ilYXGOqEWDx,3,voucher,1,206.82
332,foQqN2SM6D5n,2,voucher,1,37.31
333,NszzBSdC98GB,2,voucher,1,98.04
334,NkNEwxDkD2lj,2,voucher,1,74.36
335,p9xsqZcaMHKe,1,voucher,1,279.54
336,1nuYnVlLCCMk,2,voucher,1,31.52
337,3q1gHZNOncu7,1,voucher,1,1843.85
338,OaTCwYxfqgpG,8,voucher,1,2.61
339,sdYy6C7SG4EN,4,voucher,1,36.28
340,ybNWs4T6vKTg,1,voucher,1,145.48
341,7xYHIIeWov8x,2,voucher,1,145.48
342,nXLDowZkTYRe,2,voucher,1,381.0
343,AgjtXq6LWI5B,1,voucher,1,33.48
344,YUVNhLgWIt0i,2,voucher,1,145.48
345,eurK8oiKjT7b,5,voucher,1,0.32
346,67yKBuHTt89h,7,voucher,1,31.64
347,8zKq5mO6cItV,2,voucher,1,80.95
348,H6ZlpC0g914k,2,voucher,1,47.49
349,2bPOHTIZfudP,1,voucher,1,39.14
350,wTEGnlBnQFw3,4,voucher,1,406.58
351,wMy62jra78Wx,1,voucher,1,174.8
352,TXTrD1x3LMZY,1,voucher,1,328.59
353,W2GRtjXl1y7f,3,voucher,1,320.82
354,LMjFYSRLwVfW,2,voucher,1,131.31
355,IxqAuBrwaGkF,2,voucher,1,145.48
356,ReB2QL23NPtI,2,voucher,1,188.22
357,2RVDdjdIxcdy,2,voucher,1,261.54
358,BSmj9c0qHsb0,9,voucher,1,86.99
359,2lHK9LGCpBQ2,1,voucher,1,178.32
360,AX6qvbIGfyVT,1,voucher,1,173.71
361,uM1XwShm0N7h,5,voucher,1,198.55
362,oKY9WZsJ8XcD,2,voucher,1,145.48
363,h51HU5WuJsZj,2,voucher,1,104.83
364,7c5OtzYcyOCi,2,voucher,1,33.48
365,phvd03HiOiyo,2,voucher,1,25.58
366,8IjR3wEnsRhf,3,voucher,1,252.99
367,dwB6yWE2e1I6,1,voucher,1,145.48
368,KHMlFEEWVERD,4,voucher,1,118.19
369,m5BSpm5yhPcd,1,voucher,1,328.59
370,YSB0BHStpAPS,1,voucher,1,366.91
371,ykIAl4ibVgiD,2,voucher,1,31.98
372,gKrB4xTQaBEj,2,voucher,1,1843.85
373,yZr9ywyL7xqS,3,voucher,1,27.6
374,BrhI4DVkLzG0,1,voucher,1,96.75
375,n1u6MpcWiOCz,2,voucher,1,333.76
376,HLXiCdSbzpGm,2,voucher,1,29.44
377,jvQ4OFdEk1tH,2,voucher,1,1843.85
378,ih6KowUkyN9n,2,voucher,1,145.48
379,7sDur12qmw5I,1,voucher,1,151.72
380,thkByh0eVBLI,1,voucher,1,245.95
381,r5BQiMx6ffHP,8,voucher,1,13.46
382,HTSZquup16k6,1,voucher,1,90.89
383,wXGibKS8HeDG,2,voucher,1,1843.85
384,8R1C8yA0sEZd,1,voucher,1,50.37
385,mYxrd7PWuj0z,2,voucher,1,82.16
386,8hSOlHc6m3G9,2,voucher,1,375.43
387,ym7BlgbJRSXG,2,voucher,1,145.48
388,Q4GZ0nZd22uI,4,voucher,1,85.73
389,s67XuL0Y8I6B,2,voucher,1,295.42
390,ncVflNkxRdik,6,voucher,1,38.86
391,kx9h86R2XFYn,2,voucher,1,150.83
392,uSnuiREbEn6i,3,voucher,1,82.39
393,BwkeAiVb2Gll,3,voucher,1,33.48
394,HtqsIg72LkMs,5,voucher,1,74.36
395,cZTBmj78qTQm,1,voucher,1,67.33
396,ExTS4pMCfFVq,1,voucher,1,267.49
397,TMWAGYRX1AZr,3,voucher,1,1323.79
398,iM22gpPTrwFC,1,voucher,1,33.48
399,KmSXxfgxdWLL,1,voucher,1,33.48
400,4umVr9meI1dh,1,voucher,1,0.2
401,AvpHwLP6iGUZ,6,voucher,1,12.14
402,zTRf2lDIJK7K,2,voucher,1,779.77
403,wZoQVI7UZ71w,6,voucher,1,98.3
404,sdkGSzLpmHJX,3,voucher,1,181.8
405,5QuGvhANzTnF,2,voucher,1,112.68
406,CXnDdQAX5jqt,3,voucher,1,31.73
407,PMqwQc01iDTJ,1,voucher,1,143.34
408,uldAI9u5pnzu,2,voucher,1,154.62
409,W5Yl9dMqIvDv,1,voucher,1,151.22
410,lKUXHUtMSu61,4,voucher,1,211.01
411,r0glQD7GCXmB,5,voucher,1,61.62
412,zyWSdQGW2xK0,2,voucher,1,397.64
413,pApoVH8Cgbtb,1,voucher,1,343.26
414,Ltvyg7I3y5br,2,voucher,1,547.96
415,lgltxOUnvKH9,3,voucher,1,33.48
416,afP9ik5N6OuE,4,voucher,1,311.34
417,Sk1RxL33VXev,1,voucher,1,381.88
418,o8fT6HuwR77I,2,voucher,1,1442.15
419,IyEppTQROl6S,19,voucher,1,201.05
420,3nsXxma7rjL3,1,voucher,1,100.13
421,Ow4UjeYPF9eP,2,voucher,1,3.92
422,dkw4OFZBz3LA,3,voucher,1,178.85
423,47lFqjWDO15L,2,voucher,1,41.07
424,kN2M5fN0Svnk,2,voucher,1,140.92
425,USjdlxssyNEo,3,voucher,1,271.89
426,cve4EkCkHAvl,2,voucher,1,17.94
427,pTm7TkFvSfcP,2,voucher,1,270.09
428,ZdjGtCzngCjs,2,voucher,1,204.13
429,IMP707YsABsd,2,voucher,1,406.58
430,ml9oNNPGvUhC,1,voucher,1,185.91
431,0VSyRmSYbvcN,2,voucher,1,1135.89
432,kkG2KxVFyncy,1,voucher,1,63.73
433,VHWVb2OLVVNb,4,voucher,1,406.58
434,CkzrnH1uaWmv,5,voucher,1,210.6
435,j5lvwj69LjVx,8,voucher,1,4.44
436,8ZPbOP9dqSrP,11,voucher,1,34.0
437,6FhnJsJjtZjp,6,voucher,1,253.36
438,GOUx34EP7s30,5,voucher,1,228.59
439,bIhrkCQVlz5B,1,voucher,1,18.23
440,JVry6KHjXpv5,3,voucher,1,117.88
441,q98OxXcQZfeq,2,voucher,1,113.28
442,XxgnqMLorNt7,2,voucher,1,90.75
443,jvbQs4s0kTjX,2,voucher,1,94.95
444,9rBmMq66uVG0,1,voucher,1,23.12
445,mi8MgSuRlHa7,2,voucher,1,52.18
446,eXUFi9KkqsKd,1,voucher,1,105.6
447,y5tyCg0bzCEm,2,voucher,1,1843.85
448,vfj3EIzsudkS,2,voucher,1,70.05
449,PzfUxF1ghqLd,6,voucher,1,4.44
450,syT6OaeVeB59,2,voucher,1,114.23
451,GGRGm7CdptiH,4,voucher,1,288.79
452,YH526JBBn3ty,1,voucher,1,33.48
453,PNhyCo5RLI6u,3,voucher,1,447.68
454,qtCYn8l5Rfne,3,voucher,1,1.55
455,kaZ6WdaIP8bY,1,voucher,1,33.48
456,xmE1uiLOef5B,1,voucher,1,182.42
457,8EozP5BnKnbm,1,voucher,1,193.47
458,XRITTed23jPR,1,voucher,1,221.47
459,aErqEz1SuL7u,4,voucher,1,309.5
460,qhv3uVy8JiFW,1,voucher,1,253.65
461,1SreOHZcEq1e,2,voucher,1,406.58
462,kopbFYnxLaf2,3,voucher,1,33.48
463,c49AEG0cULpz,2,voucher,1,8.13
464,vxIP9YT1p7Yp,2,voucher,1,1843.85
465,gaEm6OS0Twuo,1,voucher,1,170.43
466,74j6haefkRKH,2,voucher,1,192.52
467,sM420SH9M9nq,1,voucher,1,187.22
468,ac8uTAGfC82K,2,voucher,1,268.19
469,nsTwTqYXt9CP,2,voucher,1,381.0
470,qZEkfGEQT2ta,6,voucher,1,82.93
471,pG7QIYKDj6d2,2,voucher,1,244.8
472,fqG8OQxZDWjP,1,voucher,1,112.66
473,WJNfyki05u9q,4,voucher,1,16.04
474,OhWMwnY7S1oB,2,voucher,1,294.7
475,VH9wM8PB8EOq,3,voucher,1,176.34
476,Y1CE4vZzYLk8,5,voucher,1,330.82
477,sdEYo8Zy04f4,1,voucher,1,220.63
478,RtuOrXY4JNt4,2,voucher,1,194.88
479,rKb7sg88jpWo,2,voucher,1,4.11
480,Ghot2Jxfy5Ik,2,voucher,1,255.75
481,Jab8CbMiCZ0z,2,voucher,1,145.48
482,9hyxtwoNa2fy,1,voucher,1,864.6
483,NGEeeQLM83HU,3,voucher,1,53.35
484,n5d3CdLxePdc,1,voucher,1,83.38
485,zync4OB3Y3eW,2,voucher,1,1843.85
486,Ohnw6O8tWJF9,4,voucher,1,154.45
487,WUZY3Ew92MNS,2,voucher,1,44.6
488,uIIEFUtwqPTw,2,voucher,1,771.69
489,h99wgJdVq3Tm,11,voucher,1,337.24
490,1FMnaEuDkis1,2,voucher,1,62.76
491,SQosBjTDpIYP,1,voucher,1,172.04
492,Q5gUGn8pJgkQ,1,voucher,1,61.62
493,0af0gteTrHbA,2,voucher,1,145.48
494,73KYUzkEbuvy,4,voucher,1,16.67
495,cSzzTfkBUZIN,1,voucher,1,829.17
496,Fj5OKpUKgieP,1,voucher,1,123.24
497,Bw8R2oAx9SmC,2,voucher,1,47.82
498,TJasJn5LjXSb,1,voucher,1,126.31
499,covmFN5MeqCR,2,voucher,1,145.48
500,qHuAIQ41EwrR,2,voucher,1,406.35
501,74XRE8c8xrky,17,voucher,1,534.25
502,8aHmdgikOqF7,1,voucher,1,33.48
503,GIGpRJNHiULZ,2,voucher,1,551.96
504,eCc1grU531R1,1,voucher,1,49.94
505,5lLHBWTaCZvE,2,voucher,1,48.05
506,UTriR1zSI5cs,2,voucher,1,171.8
507,TMSVZZEW8x9l,2,voucher,1,183.65
508,EEQVr71L054a,2,voucher,1,131.32
509,trZYCQVnXk23,2,voucher,1,165.71
510,xGs4yJ2fTHKf,1,voucher,1,437.48
511,TudoOM3AXtXM,1,voucher,1,88.68
512,RaCOC1Er8RbK,2,voucher,1,410.53
513,P7qh7imhspwG,1,voucher,1,109.73
514,7cBVOWJV9rJU,1,voucher,1,98.46
515,wLr4uGxiHFWp,2,voucher,1,194.0
516,iUcq4VPOSMJ0,2,voucher,1,159.16
517,Lg1wYU784wZk,3,voucher,1,214.61
518,zzF2qat2FamT,2,voucher,1,127.26
519,mC9pbWEOzw01,2,voucher,1,517.72
520,LpddI7X1XKWh,2,voucher,1,61.51
521,wdmZEt6DhI3S,2,voucher,1,19.63
522,AD87LuVhbRbD,1,voucher,1,154.1
523,IqGefrJDVKKM,1,voucher,1,207.7
524,YZNl0ivBI85y,4,voucher,1,153.23
525,5FUSOzMdCkZK,2,voucher,1,1323.79
526,UYEIWhmQXktB,11,voucher,1,314.84
527,1W9Zp8BfdkI1,3,voucher,1,289.57
528,knYXrCyLeCuB,2,voucher,1,54.96
529,w5YxSYe7MyI4,12,voucher,1,1035.03
530,uDOu08Lbv6wK,6,voucher,1,315.36
531,BiVp4SDJgOqD,2,voucher,1,199.43
532,oMq9V4dFOW62,1,voucher,1,90.28
533,ROtHcXg5uHG9,6,voucher,1,208.48
534,pBYEZH1qJbsY,2,voucher,1,130.01
535,OfraaP8bKxrq,3,voucher,1,183.75
536,1G1KkcR1WqZU,2,voucher,1,33.48
537,8bC3bFjNWOVw,3,voucher,1,267.49
538,tjM8Li9mC1yH,6,voucher,1,337.24
539,dbi8s72GeZho,2,voucher,1,385.81
540,wgK4oScYrOCH,2,voucher,1,179.34
541,Gvx4ylwHrE36,2,voucher,1,253.36
542,0WMnnVJNmMFJ,1,voucher,1,838.97
543,6FsaZnC7jO57,4,voucher,1,415.76
544,RqFRFAzkEqnm,7,voucher,1,27.37
545,D5WyyIkxXgoG,2,voucher,1,285.11
546,c9BImxbev0Mp,1,voucher,1,1.95
547,WYWDI4wMt0pF,2,voucher,1,63.69
548,cuvHVmiaqKsX,6,voucher,1,910.6
549,6R0lf5e51Zvv,2,voucher,1,33.48
550,NU1OKoTA9CUv,2,voucher,1,518.37
551,l6QSFIxQeYil,3,voucher,1,119.83
552,m5x74mo8O6H6,1,voucher,1,769.59
553,G09u5ZoYriNe,1,voucher,1,283.66
554,y8WFcLwBwOq9,1,voucher,1,124.99
555,e20OXATMj35F,2,voucher,1,4.43
556,dABSzkZuF3Qx,3,voucher,1,116.92
557,K7L7rX1pkBXi,1,voucher,1,118.27
558,k5gK5d26pooO,2,voucher,1,25.49
559,w654tDNLAQJN,2,voucher,1,31.73
560,NT6uENhaXX7T,2,voucher,1,253.71
561,fDuqNkqJVrGj,3,voucher,1,1843.85
562,ahDTBAuscg3N,5,voucher,1,148.29
563,3UFj5zf2jTYe,1,voucher,1,222.21
564,7XgqX5ZHP2W2,2,voucher,1,168.05
565,tevfDeT7XxRp,1,voucher,1,581.3
566,eFyhSFbKWBhn,2,voucher,1,44.65
567,ip9lDQBhVEqX,2,voucher,1,353.45
568,UugjtnKZJZ8r,1,voucher,1,45.56
569,0FjU2uJHR45G,2,voucher,1,1225.59
570,601q09WGZ6zK,1,voucher,1,612.59
571,Nmsh5cHnr3OB,2,voucher,1,125.39
572,pfb1YP7mjmod,3,voucher,1,198.73
573,08kIHT6po9aD,1,voucher,1,121.5
574,qAbOESKijeRv,1,voucher,1,45.05
575,we1sM5aM3dWR,6,voucher,1,89.5
576,DgG6I8ett2QY,2,voucher,1,145.48
577,DSmEaUkFVoQz,3,voucher,1,182.16
578,BxfKFqZWgrNI,2,voucher,1,158.58
579,gc2JPdvxTh4L,2,voucher,1,6.16
580,TkTUNOeN61xg,1,voucher,1,217.82
581,IJQtiasKvFfk,4,voucher,1,43.68
582,lnMDpf7Y0sRw,1,voucher,1,32.45
583,ayGhKUwW8kZ9,12,voucher,1,534.25
584,nJom2yOKesmM,2,voucher,1,1843.85
585,XmUuKnuM9xHT,4,voucher,1,25.58
586,sMB2P3llahX4,2,voucher,1,1843.85
587,JUwtSzeWcRIw,18,voucher,1,60.35
588,D1MpuO1eb6n7,2,voucher,1,721.63
589,ZKukcmUXVT2y,4,voucher,1,207.58
590,flCzwLJTHOSm,2,voucher,1,323.54
591,pjBAQf2VMLt2,8,voucher,1,84.17
592,KGzrkpeQa6wF,2,voucher,1,39.45
593,AOCBDwtZg95n,3,voucher,1,78.11
594,dRk8yNFgVfj5,1,voucher,1,233.14
595,ISHaspuGLBoP,1,voucher,1,362.17
596,m7Tg223AxHi3,1,voucher,1,33.48
597,BG9Zzd4WldCf,1,voucher,1,650.34
598,rbTcl26TIdyf,2,voucher,1,60.42
599,WAQGhWGL6mjn,1,voucher,1,52.18
600,6GAnAoRSolqt,2,voucher,1,32.15
601,NfLeDDcVGAM7,2,voucher,1,287.38
602,5BlWMuLAmvWv,2,voucher,1,223.14
603,6Gu4K79MGgzn,13,voucher,1,179.92
604,xQ7CovtvKDjF,2,voucher,1,303.69
605,oxlYCM1jsk0G,4,voucher,1,1036.83
606,bOwGMCcLaHxx,1,voucher,1,846.72
607,zfdavxNlJ4qV,3,voucher,1,510.1
608,RSyhNxUx0qTe,1,voucher,1,83.72
609,DuBnByjLpblt,1,voucher,1,3184.55
610,R7NN4G4UtdEw,2,voucher,1,136.88
611,DWy4k6tCTXC5,2,voucher,1,355.58
612,S41NEsHY94Ok,4,voucher,1,129.04
613,h2RqdiS57Gly,2,voucher,1,145.48
614,aiHYcB5ngT5J,4,voucher,1,145.48
615,FdWUAJz2UMJE,2,voucher,1,145.48
616,0vMs1yIAzIcz,2,voucher,1,678.49
617,di9MR9GPbCvB,2,voucher,1,1843.85
618,GX0F4qC5n0Qm,2,voucher,1,92.67
619,SXn1qqyxC6Hd,2,voucher,1,1400.74
620,OMaiBPeTp6SY,1,voucher,1,247.26
621,zm1EHZzqBr5S,1,voucher,1,908.67
622,96fjOWsL5UxQ,2,voucher,1,84.26
623,JAgEA5K8DcYD,4,voucher,1,485.72
624,sOvAuAHodVsa,3,voucher,1,141.48
625,br8sxvYmB3h5,1,voucher,1,362.05
626,ul8HHo37L5zW,4,voucher,1,74.36
627,hWIGQs42P9GZ,1,voucher,1,11.65
628,BbWLi28Ef7YD,2,voucher,1,119.63
629,8IOvcG7QjiJ0,2,voucher,1,154.99
630,WcKMB8MXjb7a,2,voucher,1,145.48
631,C8KH8BF4eGPN,2,voucher,1,204.24
632,wMVxrIEuUN5R,2,voucher,1,56.06
633,rq2Pb7xRAgct,4,voucher,1,328.63
634,aweY6BmEydXY,2,voucher,1,0.47
635,OWMGd4EkgLgp,1,voucher,1,233.14
636,6MP7MRi4folh,1,voucher,1,33.48
637,SwOAEMhHgWNT,2,voucher,1,215.6
638,ESJIX0huBMsy,1,voucher,1,198.44
639,oI8U8y593v9t,1,voucher,1,90.77
640,FeIv6EoVNe2n,3,voucher,1,1269.5
641,1ZFP0Vt32Cf4,1,voucher,1,455.83
642,RPKh2ISng7Vk,2,voucher,1,52.72
643,VIgoTyqU7Mi0,2,voucher,1,452.81
644,1tYnYr9TLQDh,2,voucher,1,145.48
645,JHczXB1ZSKCe,4,voucher,1,33.48
646,HIg0hZnpu8Nh,2,voucher,1,1843.85
647,3FTxOfDL3zwj,1,voucher,1,201.05
648,bn2F90j0IJac,16,voucher,1,18.97
649,NmcJDPmEBOd2,6,voucher,1,141.52
650,0zzfVaBwi0pi,3,voucher,1,33.48
651,BZF29HtIdvGl,24,voucher,1,492.47
652,DXX78tNONsJf,4,voucher,1,102.48
653,GS9gXuMlaAA5,2,voucher,1,447.18
654,tsHUNmioFRhT,1,voucher,1,182.42
655,DBGKvahuVDR6,3,voucher,1,243.23
656,LU3zoR9LQHA7,1,voucher,1,477.71
657,ivFjs3KtN6R2,5,voucher,1,163.95
658,bOHeQwO1vzX8,3,voucher,1,1241.19
659,ACneoftBq5ai,1,voucher,1,246.32
660,5VTaeEC9WKNC,5,voucher,1,156.7
661,PwayJ0FEBlQG,2,voucher,1,224.72
662,mKuMRTZIHV6I,3,voucher,1,178.59
663,ucoGPLKocvwQ,1,voucher,1,292.65
664,2Uy4KQ5Sqiox,1,voucher,1,46.53
665,8yQt9lfSIKNh,1,voucher,1,238.85
666,vIgejG1dbNmk,6,voucher,1,25.58
667,cIDeUGgdeLlD,1,voucher,1,82.31
668,PjGjak4upxc3,2,voucher,1,1740.39
669,G3MIEq0vGSeW,1,voucher,1,463.71
670,1Z9ZJSrkDCiN,2,voucher,1,343.35
671,ntJXsaZ2Noaa,2,voucher,1,31.42
672,0ClUvUjcsaTD,1,voucher,1,347.41
673,PHnYZVmK2ns4,1,voucher,1,160.31
674,QEfFR7C4s9gz,7,voucher,1,398.85
675,tia0EKsiYWJX,1,voucher,1,787.53
676,kVOJxjb2rtYG,2,voucher,1,739.34
677,2UWgD5dUn1YL,2,voucher,1,294.5
678,ZYIBiRStDBLa,2,voucher,1,597.35
679,gXfOVkk4uzZB,2,voucher,1,198.45
680,3no5846eI1zJ,5,voucher,1,255.87
681,f33e5oFUwqPg,3,voucher,1,74.36
682,vuK7uGHjqlaO,1,voucher,1,647.4
683,ZsGpseGKBFhV,2,voucher,1,355.11
684,GPU5hKtZ6Q47,3,voucher,1,166.71
685,1ATJuuLHfmCa,2,voucher,1,25.58
686,pZUQWviIR1VW,1,voucher,1,145.48
687,f2fBSMIpBeI0,2,voucher,1,117.23
688,N8mz8zC7zpVp,2,voucher,1,221.38
689,jzG18IUTxttf,2,voucher,1,138.63
690,8mJUDVfHcCBw,2,voucher,1,230.73
691,beYmjEThD9sC,2,voucher,1,38.56
692,PgM7R9MZXMVd,2,voucher,1,251.69
693,pwd6aB7CNmbm,2,voucher,1,329.83
694,uSEgPkC8blIn,1,voucher,1,238.85
695,w0wUnvTaxwKA,1,voucher,1,198.73
696,zaZJVrqmYT8t,10,voucher,1,41.42
697,e2GOwFXtSpsU,2,voucher,1,69.18
698,vMHsxhe9JnrN,2,voucher,1,172.57
699,Y1g1cEFQcCPH,3,voucher,1,217.04
700,4ygdf8OidVGc,2,voucher,1,96.66
701,PA4ZA2IwJDCQ,1,voucher,1,435.45
702,HUu9pOVFE5gP,1,voucher,1,245.94
703,gMplrDbg0wNU,1,voucher,1,200.44
704,pj1PeFlpwXV8,2,voucher,1,239.23
705,00xjTHO2nHo9,1,voucher,1,406.58
706,Jza9uH91Ex85,6,voucher,1,129.66
707,J1Q3ivGBrK9X,1,voucher,1,98.46
708,CK4dRHZoZfhc,1,voucher,1,308.6
709,BAwT6I1icuBR,1,voucher,1,46.13
710,0A01WKX7w28J,1,voucher,1,184.73
711,F24XHTppAcl1,1,voucher,1,50.08
712,et5iBoRJqcpq,1,voucher,1,245.87
713,Nbt7qPYyIL9W,1,voucher,1,133.94
714,ukmBLK2QzEdP,2,voucher,1,54.96
715,9D3Rb3oFe37D,2,voucher,1,1843.85
716,wND2ADz2lNvy,1,voucher,1,151.08
717,TR0VmWOOYbBU,3,voucher,1,279.1
718,P6Q174Ip3Wf9,1,voucher,1,60.94
719,sUTgCsv7H8FK,2,voucher,1,67.1
720,td6z3UZ2WXJB,2,voucher,1,136.83
721,ETrL1LnAVJ2G,2,voucher,1,689.93
722,NTof9CKlgh3T,3,voucher,1,328.63
723,jKxCwwDo2Kyq,2,voucher,1,621.21
724,LevUmW7M0yJ4,2,voucher,1,145.48
725,MREa38uuzVR3,12,voucher,1,151.97
726,1cUfWcN4Mwve,4,voucher,1,56.32
727,J5lNh1NU6dgU,1,voucher,1,256.11
728,bPiMB6jIYwEX,1,voucher,1,261.27
729,4lmJW5QsF8sv,2,voucher,1,1843.85
730,5TBIPpeaXHIB,2,voucher,1,180.73
731,TahnC4mLQqPf,6,voucher,1,61.78
732,QIG61ttCzm6Z,1,voucher,1,41.9
733,urqWgYywD50O,8,voucher,1,190.95
734,jjvtS5eClKQG,2,voucher,1,1192.48
735,h9rkZk3OzA2K,2,voucher,1,1843.85
736,N8lQ1WYrmHx8,1,voucher,1,229.99
737,IdaDrHPh5SX7,1,voucher,1,205.88
738,g0NUyT11qpKE,2,voucher,1,140.9
739,jBBsW4aZ1clH,5,voucher,1,171.93
740,7VUIfeJ9Djr7,3,voucher,1,136.67
741,ixNsfv5Dmrut,9,voucher,1,145.48
742,RrSLDOPJ7me3,1,voucher,1,40.4
743,zzbwDtbBx5nH,20,voucher,1,5.79
744,Zpn139lfOP02,4,voucher,1,55.41
745,dZhJJEad9Aau,1,voucher,1,121.68
746,b381dDoX3tEW,1,voucher,1,129.64
747,pUmEeVUkxWxM,2,voucher,1,206.06
748,tkig65pT043y,1,voucher,1,12.61
749,jWfbO2fgHoOq,4,voucher,1,211.01
750,bVShcbBEzh98,5,voucher,1,121.99
751,q7PEPIu3G9AW,2,voucher,1,145.48
752,FA2DxkObE5YI,7,voucher,1,163.33
753,zRHKq32DBMcD,2,voucher,1,48.39
754,AZNrgUdwyWlE,2,voucher,1,337.24
755,7amSrHa5yuh3,4,voucher,1,63.18
756,xwwL4rSZuMNt,2,voucher,1,33.48
757,hW5rmLY2N7Bv,2,voucher,1,60.99
758,e8sojgkr6Of2,1,voucher,1,94.06
759,HvurgCT59tMo,1,voucher,1,259.9
760,lu1AL4nLMpSp,6,voucher,1,63.18
761,H8rsEAgLMgp0,19,voucher,1,528.41
762,jUg08zEA9LzP,2,voucher,1,42.53
763,ASMpfvD3qRh5,1,voucher,1,203.79
764,gDDkd0EtJPwI,1,voucher,1,243.23
765,j5y0k17ABdNc,2,voucher,1,33.48
766,S4CzN0ks6LDU,15,voucher,1,428.07
767,wtPdyK3Ds3t9,3,voucher,1,36.8
768,LFfFE8qWI2S7,8,voucher,1,409.61
769,oPQim1eTX0He,1,voucher,1,56.06
770,rr10aHZ2Ibil,2,voucher,1,145.48
771,ddjsHSqD8yNH,2,voucher,1,30.75
772,y4AOtETjDf2A,2,voucher,1,772.4
773,rTvmVxTir2aA,3,voucher,1,145.48
774,3UdaVWnpYLGg,1,voucher,1,98.04
775,zAOlel8DukLE,1,voucher,1,646.6
776,uhNJ81W6cYpH,4,voucher,1,163.33
777,u3Asvr8vYKWf,10,voucher,1,41.42
778,d0qNTlr9fMCo,2,voucher,1,158.91
779,JVqTBBD43Lh1,2,voucher,1,74.32
780,NUnlW4e9NpCL,2,voucher,1,145.48
781,8M7Us8AUMMaw,1,voucher,1,189.21
782,PomMIk0OlgrX,2,voucher,1,33.48
783,NpTEZjNh4UoW,2,voucher,1,428.83
784,ljTDKoEeeXxL,1,voucher,1,300.87
785,Z4dTf1l6LNNA,2,voucher,1,276.35
786,sUZnYD8Fqn8f,1,voucher,1,145.48
787,U3GIT4RgYfkF,3,voucher,1,328.63
788,mVUIODY4QOHf,2,voucher,1,66.95
789,Bc94QwU4eBLw,1,voucher,1,33.48
790,9bxGWePg1I93,2,voucher,1,256.03
791,YZcbvdBlhlF8,1,voucher,1,375.74
792,BUkMjrp7kFy0,1,voucher,1,186.36
793,D0BtXcpjtbw9,2,voucher,1,1843.85
794,dfC7sDpu6YRy,1,voucher,1,70.35
795,duEF4N39KvcD,2,voucher,1,145.48
796,MV1dmfPvYhER,2,voucher,1,143.04
797,rojfQBHTDiT6,2,voucher,1,1843.85
798,MwIOqM6WzKq2,2,voucher,1,99.3
799,FoOrgy5mHEXZ,1,voucher,1,133.98
800,MHszXo8Xu0eE,2,voucher,1,239.8
801,EGO5PB4br7l5,4,voucher,1,129.04
802,ZkmFVlYwCBKD,7,voucher,1,151.93
803,Xq5dYozR4XSD,2,voucher,1,33.48
804,oLl2F0ZzehHb,2,voucher,1,145.48
805,Q0PboK2bwb3A,2,voucher,1,1843.85
806,bTGVmiVJQmeA,1,voucher,1,406.58
807,wH6V4DQn0vu9,2,voucher,1,145.48
808,dRasrjfFPTcl,2,voucher,1,158.91
809,QDmThAdm3txQ,2,voucher,1,198.45
810,WQ6c60hAf67c,1,voucher,1,33.48
811,LIczJf2xkhZ4,4,voucher,1,102.33
812,iMYkV4Y8fAJe,1,voucher,1,548.08
813,W1n0QNx8aU5b,2,voucher,1,581.3
814,VbhiQ2NXVhyd,2,voucher,1,1843.85
815,JB9JUuoSgR0N,2,voucher,1,258.98
816,PmxxYJTZTbv6,2,voucher,1,518.37
817,7ePpjRqrgNyt,2,voucher,1,633.7
818,29oLeefgXUrj,1,voucher,1,179.98
819,HFhkUIluBw1Z,2,voucher,1,276.11
820,hsq1Uzm87ibM,1,voucher,1,33.48
821,1muGO6CBKeSS,2,voucher,1,223.78
822,HeJ6CYyrC9kB,9,voucher,1,74.36
823,3sQuy8OGgYIw,1,voucher,1,55.39
824,VfPxSSFn5bcW,4,voucher,1,4.44
825,9xKxNMHL7LvP,2,voucher,1,136.79
826,fGD5a8e5u338,1,voucher,1,183.28
827,oAKmI7mhBbsc,2,voucher,1,1843.85
828,eYDzIL851ZFz,2,voucher,1,65.24
829,I8qJdaRFHEYq,2,voucher,1,87.27
830,v6zdWxAC0iQQ,2,voucher,1,225.04
831,XsXKj4QSCpSb,1,voucher,1,1274.51
832,kFTZlQNq4reM,2,voucher,1,100.78
833,BhkCB41YdPJc,2,voucher,1,232.88
834,Nkve9TbYYl5h,20,voucher,1,5.79
835,9e0MM9GQ5GMV,2,voucher,1,199.42
836,gCjQgWXDxKj0,1,voucher,1,141.14
837,JZDXwTcTsqmi,2,voucher,1,134.81
838,JZwNZuistlOC,1,voucher,1,425.06
839,k0gbe7xhzVg8,2,voucher,1,76.99
840,qpcVIsJv6ews,3,voucher,1,732.29
841,YVXUWuBsjbBG,2,voucher,1,381.0
842,Uob0xfLz9UdR,2,voucher,1,203.65
843,MWobeBZcgU1P,1,voucher,1,328.63
844,Fu93lveDH3Dd,2,voucher,1,141.17
845,F5ayytaIwPjs,1,voucher,1,174.24
846,5iEteFMi6T43,6,voucher,1,408.76
847,OG2oMNR59czB,2,voucher,1,53.49
848,doI4gX3wcQtL,2,voucher,1,145.48
849,RyJOPNTKCE3V,2,voucher,1,381.0
850,rgqQ0Rem9dWQ,1,voucher,1,173.71
851,wMeA0jNpL8As,2,voucher,1,376.49
852,LTDV9n3i1DEy,2,voucher,1,81.23
853,D7i9YJVVtMkz,1,voucher,1,1843.85
854,zIjoEs3UC8jG,23,voucher,1,77.95
855,zEHR2Q6YVtui,2,voucher,1,148.49
856,MrUiOXax7b4A,2,voucher,1,82.33
857,FHSX9XFIcp3N,2,voucher,1,1843.85
858,erPOfiAX3EUB,1,voucher,1,118.43
859,Y3fPVG1BoyJz,2,voucher,1,465.68
860,vCN9YSkkepul,3,voucher,1,184.82
861,vdJeRquhrg0t,2,voucher,1,47.49
862,j0995nniktvf,2,voucher,1,842.8
863,scSJ3WC3Bjv3,4,voucher,1,517.72
864,JY5uNvPTi6kZ,2,voucher,1,121.12
865,ufvOEdpTU6Ml,2,voucher,1,33.48
866,jRRPrPwk8Px7,2,voucher,1,261.9
867,NCvxJ6CDqsio,2,voucher,1,12.14
868,jZFlycck6qu8,6,voucher,1,195.43
869,38rhROwtjBhC,1,voucher,1,155.77
870,mJ6eqRLbRHxV,6,voucher,1,405.95
871,ycLl7mfCTX5b,1,voucher,1,245.1
872,AWS5pl4rg4wB,2,voucher,1,123.29
873,lSXdY21UmXzX,1,voucher,1,197.73
874,PIcmZqha1CkF,3,voucher,1,285.02
875,j0ETSZcrWBYC,2,voucher,1,39.12
876,RxltLvVjwTTM,2,voucher,1,233.8
877,KDQkE7H2THnF,1,voucher,1,65.8
878,E6lG9NpUNzkJ,2,voucher,1,81.23
879,WWgPT6NKizAO,2,voucher,1,318.98
880,eaVJnJ3laqxk,1,voucher,1,87.62
881,us4OtJZpto2x,2,voucher,1,419.44
882,ieKzY30wZj24,1,voucher,1,145.48
883,LvLWzh4HY2rU,2,voucher,1,32.3
884,NKBSREzMrgka,2,voucher,1,382.22
885,KJ3CdREKaqxz,2,voucher,1,75.69
886,GImrbwc1gqNc,2,voucher,1,136.94
887,v9ZiRof839gt,3,voucher,1,230.2
888,96Fqv5s5904N,10,voucher,1,279.84
889,n4R3sINWJ8Zk,2,voucher,1,274.38
890,zLBvdudjXc7T,2,voucher,1,236.75
891,Dry6D65vFqGF,8,voucher,1,153.23
892,USLxmadw99wm,1,voucher,1,154.51
893,bdmuhQcTKnaH,2,voucher,1,33.48
894,SF1hRWqUyv22,14,voucher,1,534.25
895,4dp8vGSv7ErH,1,voucher,1,328.17
896,TuS4gLWpV3MH,4,voucher,1,285.68
897,a1pphsr4nvkB,2,voucher,1,104.0
898,J1T7CZXpqsrm,2,voucher,1,142.2
899,2qb4IihA7ujf,2,voucher,1,145.48
900,zhTaZIPL4hrY,10,voucher,1,247.25
901,Vw1tb5Zm25V3,2,voucher,1,305.59
902,6Ce8t3QUbFWP,2,voucher,1,381.0
903,mM0TR1TohriH,1,voucher,1,290.53
904,hRAoubcaPTCp,2,voucher,1,93.58
905,7cUEtENeqEO2,1,voucher,1,337.42
906,9fORv0jrAJZ9,3,voucher,1,4.44
907,l5MgaYompHn5,1,voucher,1,28.88
908,ZXBHDEXxQCNC,2,voucher,1,228.82
909,tKsIGNSjkzvI,2,voucher,1,705.26
910,HgljzPb9vcbK,2,voucher,1,1843.85
911,5FcnvIKGJyeH,2,voucher,1,721.63
912,mstzljqQmqa9,1,voucher,1,1166.43
913,xGmZd3GmakcX,1,voucher,1,338.58
914,cUbfXH2sXNZR,1,voucher,1,131.58
915,gUxmsFpN4gas,1,voucher,1,173.71
916,zodJInQXBSVB,2,voucher,1,231.29
917,DLncat3dyheJ,2,voucher,1,1173.56
918,MtyM7sT7nV1r,3,voucher,1,592.16
919,VFvoN1v9IsqX,2,voucher,1,1843.85
920,g70JejKOBrZT,1,voucher,1,120.39
921,V28YbPWqgeey,14,voucher,1,511.43
922,ZVTCMrvnOqrm,2,voucher,1,287.64
923,faPTTEdyZmVd,2,voucher,1,33.48
924,oZpelMRkaN92,1,voucher,1,101.46
925,hCL4bf5KY8pB,2,voucher,1,145.48
926,mv1eCHVhbqTa,2,voucher,1,158.58
927,3hCSqFvc4FK1,1,voucher,1,8.6
928,LeNEbdS055vq,5,voucher,1,4.44
929,wB3IVrpcDnAv,3,voucher,1,583.38
930,Lc2wBj5QOye1,1,voucher,1,33.49
931,mzIcXMnnmLqB,4,voucher,1,33.48
932,TcCQpm39TmGu,1,voucher,1,314.81
933,hrnqmKkFBaY5,3,voucher,1,171.8
934,2ERSv6ixgOJD,5,voucher,1,13.09
935,Vivdbj4ukSTn,2,voucher,1,173.02
936,HXyjZqHkBzN1,2,voucher,1,124.43
937,AR84lTWYJj8b,2,voucher,1,264.24
938,73GKmL6bsFI0,1,voucher,1,258.56
939,oebT1ycyYMyb,1,voucher,1,185.2
940,wGFNPH9zM0M5,2,voucher,1,283.66
941,Y6t7s5s8rZDD,2,voucher,1,7.94
942,tBquyk8bHv0T,2,voucher,1,145.48
943,Vjn6YCandX44,2,voucher,1,100.84
944,gZvYizoML1Xm,2,voucher,1,54.11
945,bP5iYJBstYqf,2,voucher,1,1843.85
946,lROPM2rykASs,10,voucher,1,25.09
947,BI617Bg3So3j,1,voucher,1,134.58
948,vfMtWDYmkFU8,6,voucher,1,185.06
949,mmBcKnPUNw5K,4,voucher,1,240.87
950,4Pg5s2Qv2FRK,10,voucher,1,3.88
951,gpbyA38Gpc2e,2,voucher,1,1843.85
952,lYlyA1dDZmEj,2,voucher,1,1843.85
953,DclVmd9N4BGx,1,voucher,1,25.58
954,MKPaNTAmnQcv,2,voucher,1,33.48
955,X4J7tMDz81hA,2,voucher,1,414.06
956,XWAktYeIeNon,1,voucher,1,43.99
957,6ub7SovA5g5A,1,voucher,1,74.36
958,HByYwFatdm5n,1,voucher,1,112.66
959,tikFKRGVTv2a,1,voucher,1,9.25
960,ofi5jxDMtqpc,2,voucher,1,301.62
961,ael2wnQw37mr,2,voucher,1,97.22
962,l4A6TunfUmmz,2,voucher,1,1843.85
963,Xax3b0x0BQtS,2,voucher,1,38.18
964,YtunfH16LYBf,2,voucher,1,229.03
965,LRu2cu2UciAa,1,voucher,1,122.2
966,9AZxw24mStNZ,1,voucher,1,41.29
967,fVk7kkUR1Hsg,2,voucher,1,5.7
968,9AbifoQ879eF,3,voucher,1,154.67
969,ImjXspv1c11H,2,voucher,1,145.48
970,CpKRbuyUTbd7,3,voucher,1,269.2
971,a1fDEf79M3aV,5,voucher,1,110.78
972,RXrS2hHJuz8N,2,voucher,1,74.26
973,sZT5pUPbxzIT,1,voucher,1,96.0
974,wAzw5KOI76db,2,voucher,1,145.84
975,f5Apjb2RKdnG,2,voucher,1,355.76
976,mGhUjEwHjz1B,1,voucher,1,648.82
977,dVNxjuYgKOtG,2,voucher,1,3.14
978,LOdmoUAGwO0G,2,voucher,1,328.63
979,lCxByn6VaBxd,2,voucher,1,103.39
980,qbbA5MOYGfxE,12,voucher,1,145.48
981,jynJhfF877ea,17,voucher,1,534.25
982,VvosNQqg6pWt,3,voucher,1,107.71
983,91pcJgqa3rVY,1,voucher,1,803.24
984,lQ8WOPDJWZ25,2,voucher,1,84.68
985,AICj4g2y0alM,3,voucher,1,87.84
986,KFVTuiucl1Kc,3,voucher,1,133.7
987,AHokXh9XeWut,2,voucher,1,239.8
988,e1YcEH6B3WQs,12,voucher,1,185.26
989,zUsymw9YSsoF,2,voucher,1,117.07
990,fuUkVzR9N2Zq,13,voucher,1,145.48
991,DDmhMOY9rWxK,1,voucher,1,472.59
992,hX7VX3a2fLe0,6,voucher,1,12.14
993,OnMzRTmf4stt,1,voucher,1,320.73
994,sruDR85kgI0c,1,voucher,1,374.58
995,gjqOBJg83usG,4,voucher,1,846.72
996,npjozSVEpJSd,2,voucher,1,67.78
997,Fa8a7FCvooBK,2,voucher,1,25.58
998,f5pJTY50xqsT,5,voucher,1,469.32
999,pF0uvic1e835,2,voucher,1,818.33
1000,hP64pWcLSLyM,3,voucher,1,61.09
1001,IIZ2cL4GRuir,2,voucher,1,1843.85
1002,lEFWX5SXU2Uo,2,voucher,1,194.48
1003,iFD5jo5eL7ZA,2,voucher,1,1843.85
1004,TDsQmRaemh4K,2,voucher,1,74.46
1005,FrqPxIo0uc2P,3,voucher,1,332.87
1006,ie6sUHMDJhAI,1,voucher,1,175.13
1007,nc8Jd4LXPDbB,2,voucher,1,33.48
1008,HYp1RNN8bzZc,3,voucher,1,294.5
1009,brlffzlpLNaX,14,voucher,1,33.41
1010,ok49ReqqFMZe,2,voucher,1,33.48
1011,2Fy8id5bYCJp,1,voucher,1,938.78
1012,1ajRGggZjmPo,2,voucher,1,133.29
1013,HtdvUPYeq6h5,1,voucher,1,163.02
1014,hBsF5KYxNzyc,2,voucher,1,522.89
1015,pmSBQifjfn0c,3,voucher,1,406.58
1016,vimUPiHvtfbI,2,voucher,1,188.22
1017,mvEQ2ElwKtIf,6,voucher,1,208.89
1018,ghFZgT5wJkwG,8,voucher,1,75.52
1019,XxI2NNBoo92J,2,voucher,1,108.88
1020,LUmWR29Zfi71,2,voucher,1,259.82
1021,ggjINz1PNclh,3,voucher,1,1035.03
1022,PSWjYMxedODf,2,voucher,1,149.96
1023,oOUkE2qC5ENz,2,voucher,1,347.83
1024,ZTvyzPtYuPJG,2,voucher,1,157.79
1025,yr9aAWRK1wLV,2,voucher,1,21.51
1026,1pCUfg2iH53R,4,voucher,1,33.48
1027,uHQqE93HQkmj,1,voucher,1,676.74
1028,Cc3eywktMi53,3,voucher,1,1369.63
1029,4vSBaB1bRz9i,1,voucher,1,199.06
1030,YocnqdjgK9D5,3,voucher,1,33.48
1031,znWXTKcCDrmD,1,voucher,1,130.24
1032,AlQehks1Rs22,8,voucher,1,129.42
1033,WmPOo5mZfEDS,2,voucher,1,173.94
1034,9KprbaDWYzkQ,3,voucher,1,285.68
1035,1dnU4xMh2y8w,3,voucher,1,133.4
1036,F6xRjrkDFASu,5,voucher,1,129.42
1037,kPVOWKWcCCpX,5,voucher,1,195.43
1038,KiKsAhLDBXBC,1,voucher,1,510.7
1039,yqCKZykMddHj,4,voucher,1,140.14
1040,V3NxOA6XGsJC,5,voucher,1,80.88
1041,wWHBpyrEYrGO,2,voucher,1,145.48
1042,WNLqr91hfPT8,1,voucher,1,114.65
1043,f7d2WwdfCL1S,1,voucher,1,667.71
1044,GIw9NsBWX3Pv,1,voucher,1,151.62
1045,awFuXzqC86aL,4,voucher,1,284.65
1046,uCEzsLSNTQVH,2,voucher,1,846.72
1047,YSYkwPnnCEm6,3,voucher,1,587.5
1048,PwUdSzvilk7v,2,voucher,1,143.11
1049,kdsmJw7tP0LX,2,voucher,1,1843.85
1050,f57eitE1NGMI,1,voucher,1,257.95
1051,BqOlfEWXIXBC,4,voucher,1,188.5
1052,c06QzyzRMGgx,4,voucher,1,85.24
1053,ef0iTaPEGrWO,1,voucher,1,294.3
1054,05kTE1y9tLlJ,3,voucher,1,0.78
1055,1U027D1nG9Ao,2,voucher,1,28.11
1056,EjZjf0b8Egi0,7,voucher,1,173.76
1057,DsKmrt7htyrT,1,voucher,1,24.06
1058,WUk5xXHtQU6i,2,voucher,1,381.0
1059,Nanb6gsoCV0c,2,voucher,1,39.81
1060,mvDKn4V6U5Kp,3,voucher,1,23.4
1061,XJhPvQMUnkHW,1,voucher,1,321.34
1062,sCVdTk8GbAHt,3,voucher,1,145.48
1063,Egpo5hZmyuxr,2,voucher,1,126.72
1064,jKWU5jr209Ya,1,voucher,1,165.56
1065,V7SiHrMwr5fI,2,voucher,1,148.19
1066,UDOS9d981Wuo,4,voucher,1,16.04
1067,EaVSRcu4yPIT,4,voucher,1,255.87
1068,wVVIiUGwO86y,1,voucher,1,204.49
1069,3gekphpaMFrj,2,voucher,1,372.27
1070,Q2sXZdR68gDp,2,voucher,1,416.3
1071,YeFEOgOlURWp,1,voucher,1,246.37
1072,4ReZPHipvFAB,2,voucher,1,145.48
1073,5toUh65Vtbz9,1,voucher,1,419.94
1074,G29HueT6Md1g,2,voucher,1,237.16
1075,wgKR6Zxjg5m9,2,voucher,1,207.49
1076,EvRKzaPNi0rN,1,voucher,1,68.73
1077,aqLERcu2pqfx,1,voucher,1,79.61
1078,xXoXf4NkVPOq,2,voucher,1,1311.46
1079,ZTLXlr3Ka8c9,2,voucher,1,1843.85
1080,JVYHMmrUYkIl,2,voucher,1,353.43
1081,9teAOKfqzNx1,2,voucher,1,17.19
1082,pEZ6ZqAAXSAL,2,voucher,1,195.02
1083,hu4r4M9mWvVm,5,voucher,1,127.47
1084,2IABKdUUEgHw,9,voucher,1,292.28
1085,jpX6j5J6QyBi,1,voucher,1,10.51
1086,NKAZW8trNo96,2,voucher,1,33.48
1087,PDEzZdebLSn3,2,voucher,1,64.95
1088,zEMZ2FRgVmHb,2,voucher,1,381.0
1089,SbV0qsfgVx1h,2,voucher,1,804.33
1090,S4CudA8ZH67z,1,voucher,1,126.06
1091,4Zjp1olmI6DG,2,voucher,1,85.39
1092,0M29m99Ip9r1,1,voucher,1,351.54
1093,VmgxlktytTN1,2,voucher,1,1843.85
1094,Thv8MzmrFzAe,4,voucher,1,0.54
1095,fYwTQKdvqL30,11,voucher,1,129.42
1096,qCInRp4xUq5f,1,voucher,1,178.03
1097,XZsUedRWfp0q,3,voucher,1,406.58
1098,myFEOS0qN7Sw,2,voucher,1,1843.85
1099,pIP9KU7rXRqu,5,voucher,1,268.19
1100,lCle1sZ0Vvg1,7,voucher,1,494.67
1101,Hrn8ovHDw1Re,11,voucher,1,316.75
1102,sTBkQdd2zpcr,4,voucher,1,406.58
1103,kcXbsqw9jnFE,2,voucher,1,91.62
1104,lGcU3UlwjqLh,3,voucher,1,193.31
1105,Nxb8YIUajsgR,2,voucher,1,1843.85
1106,YZpRh368gdNQ,2,voucher,1,148.07
1107,gISoHGFYEMkr,2,voucher,1,193.83
1108,VLQDyWMOXQ9e,2,voucher,1,237.83
1109,3FkXKJLORGic,1,voucher,1,87.62
1110,YJ15eMNnTMhB,2,voucher,1,323.54
1111,r8yy1Y5oF6fu,2,voucher,1,193.71
1112,sV7QoDdE3f8Q,3,voucher,1,173.76
1113,k4pcAbT8MSAX,3,voucher,1,1843.85
1114,Ocy89C9OZOBD,3,voucher,1,0.58
1115,Qjub62Fe3YS9,2,voucher,1,1843.85
1116,AB2K19dboTTD,2,voucher,1,108.55
1117,2D1y4tPmi3yk,3,voucher,1,212.0
1118,BcPodw7sGxGE,1,voucher,1,72.5
1119,wqwyEJABtIta,3,voucher,1,78.11
1120,K21RRfNGkAmP,2,voucher,1,224.72
1121,4WHd7TX9DPQo,1,voucher,1,292.65
1122,dghfWrRcG4gv,2,voucher,1,127.67
1123,M43uk1j8V1R7,4,voucher,1,36.28
1124,7mN2gvvNvDXR,1,voucher,1,132.19
1125,aVetWctMPNBK,1,voucher,1,57.43
1126,nWKTflj8xbfU,1,voucher,1,65.76
1127,NNtosjDJwCnx,2,voucher,1,45.61
1128,INphywYucDre,2,voucher,1,72.31
1129,UpAzVnjGWxRK,1,voucher,1,90.74
1130,py78jpsZ8jLB,1,voucher,1,217.85
1131,zxPdTUaLeViS,2,voucher,1,167.34
1132,5AQKAnbxtcqk,2,voucher,1,33.48
1133,ipvgNWHQS4oV,2,voucher,1,2.24
1134,HQzjs7LzP2fc,2,voucher,1,333.76
1135,nuHYmXMsK3Vy,2,voucher,1,176.96
1136,3j7MilcEKVjo,1,voucher,1,25.58
1137,M7Hj04Y9S3Ui,2,voucher,1,204.66
1138,L5x1rJhLMMeR,2,voucher,1,1843.85
1139,j9MAECWTt38W,2,voucher,1,1843.85
1140,a7LoLDOfMnwK,1,voucher,1,483.09
1141,qJHLaEHpw95E,2,voucher,1,68.29
1142,QH9djQrhGxUw,2,voucher,1,145.48
1143,Nv59br8hi7Ym,9,voucher,1,518.37
1144,aOjmVKiDnR3u,2,voucher,1,51.98
1145,mvQVY1jFtkSq,2,voucher,1,328.63
1146,Gu63owIG4AWK,2,voucher,1,285.06
1147,OtInjvmve1Nw,2,voucher,1,406.58
1148,CWSToQAqCwJq,2,voucher,1,681.12
1149,3e4MXoIiNGXm,1,voucher,1,91.14
1150,EIoza8Mbqw3t,1,voucher,1,100.17
1151,wDmyYLH2u73h,1,voucher,1,196.41
1152,FslJluaYcBgj,2,voucher,1,188.45
1153,RWwB57pbgZbU,2,voucher,1,400.68
1154,MbFSmhY1JsLv,1,voucher,1,137.22
1155,lnCfBmgfVW8o,2,voucher,1,1843.85
1156,egXtExvlvMbS,2,voucher,1,267.56
1157,UR7vhI2g5KDR,4,voucher,1,758.32
1158,90cdAM2mt5pR,14,voucher,1,242.52
1159,BGspaJxru9Qs,2,voucher,1,67.73
1160,TwDeWyhr8q99,7,voucher,1,122.2
1161,iEEo50CJ1Kan,1,voucher,1,54.91
1162,rPBC8PZk5Ffr,2,voucher,1,90.89
1163,7KYHbnNtOdpV,2,voucher,1,145.48
1164,h4YYBnzQtVgv,2,voucher,1,1843.85
1165,sCI1Arw9hWyC,6,voucher,1,61.51
1166,B1aJkAUhn7zo,8,voucher,1,55.1
1167,FnKcSX6VBSLk,1,voucher,1,73.55
1168,3QfPYYtJwK1o,7,voucher,1,150.62
1169,Mu1PRrDj5UT8,3,voucher,1,469.32
1170,RlVc2npREer2,1,voucher,1,221.02
1171,cQRDSFsP5lr8,2,voucher,1,205.42
1172,hHfJZfhFmVmc,1,voucher,1,93.43
1173,4iUGxZoz929b,1,voucher,1,61.72
1174,IJkK54GmOgme,2,voucher,1,48.75
1175,zp2asAgfYo2k,1,voucher,1,551.49
1176,Uw6hUCzHCCSO,1,voucher,1,803.24
1177,Nxp0ALHaoSFq,2,voucher,1,119.05
1178,MRGJDB4s69In,3,voucher,1,145.48
1179,krJwGxDKgh6a,4,voucher,1,61.51
1180,n9rRXMRhc5jv,2,voucher,1,123.97
1181,w3WlaJpERFdI,1,voucher,1,6.2
1182,XvyR9giIJHS2,2,voucher,1,15.57
1183,JMMdhstypDhh,3,voucher,1,31.54
1184,OqBXTqmv9EvU,1,voucher,1,98.34
1185,2hVkCCHQcMLy,2,voucher,1,199.69
1186,ijbNXtUyZVu7,6,voucher,1,33.48
1187,kTzRrP0F2Zb0,2,voucher,1,85.59
1188,cTkvhYx5pSkH,3,voucher,1,145.48
1189,ETi9PcyskNuQ,1,voucher,1,307.73
1190,kpSqSQXoWdYK,10,voucher,1,534.25
1191,ZVxoP8dg5F9R,2,voucher,1,89.39
1192,e0nYmpeVmSxE,2,voucher,1,385.08
1193,oDh7MdeeVFLH,1,voucher,1,1042.68
1194,YqYw2uI0sM2q,3,voucher,1,438.52
1195,VgAx3OvXtghN,2,voucher,1,103.39
1196,mw5TQoj5aDmn,1,voucher,1,74.36
1197,F9Hx69bWbb9v,3,voucher,1,235.19
1198,HpDAI47pvPTm,3,voucher,1,33.48
1199,bjR9ADeaCOv7,3,voucher,1,328.63
1200,FTHIRlaRgo66,1,voucher,1,594.78
1201,sMDjcVGApFmn,1,voucher,1,476.14
1202,HVywsCeVK4Bu,3,voucher,1,591.36
1203,T1LbMYhmbWnt,1,voucher,1,607.57
1204,xj8JkRR3lVpq,2,voucher,1,183.47
1205,fcLuffYRbDH6,2,voucher,1,293.25
1206,KLJpmjaL2opF,2,voucher,1,195.03
1207,Fxiz8Amhxv2m,2,voucher,1,169.08
1208,d77HEI40CFHT,1,voucher,1,48.38
1209,HZ2McUKD9ZZu,2,voucher,1,145.48
1210,e2pMxc48NMvq,4,voucher,1,135.32
1211,80DEu7C0mR9F,4,voucher,1,469.32
1212,FXiUztB9JBfy,2,voucher,1,113.26
1213,ppoOqkbKTVdK,1,voucher,1,94.83
1214,GZDnf3bsxVor,1,voucher,1,33.48
1215,uitA4Too754q,3,voucher,1,406.58
1216,IbxuCpQWPrY2,2,voucher,1,145.48
1217,O4z4rl2e5rRA,1,voucher,1,80.1
1218,W1NioCvFeOlg,3,voucher,1,25.58
1219,oQ1dHa1nldsY,2,voucher,1,94.12
1220,WRApLs5t8EYJ,2,voucher,1,145.48
1221,WSyxxtegkKlR,2,voucher,1,77.27
1222,kbmaMWBWHWNc,1,voucher,1,559.52
1223,5SaKG8dxHqMI,2,voucher,1,121.12
1224,UC36GWXhQz9i,6,voucher,1,441.21
1225,OdBHnIPQuNs9,5,voucher,1,1.98
1226,2p7p9V25dlyV,3,voucher,1,504.65
1227,BmvDA2SDsSR7,1,voucher,1,159.7
1228,FRKnlyeHHha5,2,voucher,1,167.73
1229,vFQ9U8VVti0j,3,voucher,1,44.6
1230,he0Kl3JZEfDs,2,voucher,1,150.34
1231,TWorbyEekF2l,1,voucher,1,418.92
1232,8wHwiMa7KFXg,2,voucher,1,223.1
1233,0cmG9tvdpBoH,2,voucher,1,109.5
1234,IgYTxoQYUBfe,4,voucher,1,67.82
1235,7fkgguycPxI7,5,voucher,1,88.75
1236,ZU948q5bbXLc,6,voucher,1,73.32
1237,ToAbNlKVEOkj,1,voucher,1,210.18
1238,zcGdqZEcxBGo,1,voucher,1,95.59
1239,WazKLMd07H6T,3,voucher,1,74.32
1240,IxZ3nl5w4zMx,2,voucher,1,121.91
1241,Cl5tSPD6mSVt,4,voucher,1,145.48
1242,vaJ5OECZbFSw,3,voucher,1,33.48
1243,sgXufbbPbbt8,1,voucher,1,20.28
1244,UOodHLKrZgEz,2,voucher,1,14.4
1245,sDHaKBhFZwQt,2,voucher,1,134.04
1246,wgihtxnugOlJ,3,voucher,1,116.92
1247,f6Fx2bsQbWev,1,voucher,1,19.81
1248,76n2bEgm4J2B,5,voucher,1,145.48
1249,eDVB2Mmu1lQ9,9,voucher,1,219.54
1250,XTGPA3USvO0S,2,voucher,1,33.48
1251,JuwZ46VDoGQa,2,voucher,1,136.79
1252,j8pSSkk4dMhF,2,voucher,1,163.33
1253,69UfIRCewjug,9,voucher,1,13.09
1254,Nk1Ab2GrrIJE,1,voucher,1,486.95
1255,f6CVn0qqkhLP,1,voucher,1,597.79
1256,n4il170C3FNN,5,voucher,1,104.49
1257,WQjeKitIeUdG,4,voucher,1,97.0
1258,BOiZblpzCGdO,2,voucher,1,224.05
1259,dYmG2KArOKBo,10,voucher,1,356.54
1260,oixGxrCdg7Nx,2,voucher,1,807.47
1261,wouXREzn710k,1,voucher,1,252.03
1262,GMaowzoRialy,2,voucher,1,166.69
1263,5uyXYzFvH1nM,2,voucher,1,270.06
1264,63rye3wA9DSr,4,voucher,1,140.61
1265,UmD2ct3t52Hc,1,voucher,1,89.5
1266,stLEsfp8M02r,2,voucher,1,1843.85
1267,YCfm99DazKKT,3,voucher,1,121.48
1268,H35CWjESBSMv,2,voucher,1,75.59
1269,j52rDK0EeH6J,2,voucher,1,406.58
1270,Pr7RLZb0VoW1,2,voucher,1,680.26
1271,6VAd2t1WlhQy,2,voucher,1,132.08
1272,WMkjG5XXHjJi,2,voucher,1,83.88
1273,aGvg6Mkt9rdc,2,voucher,1,381.0
1274,dBkNae8Oi5U9,4,voucher,1,337.24
1275,nRkKG89RdnIU,2,voucher,1,210.96
1276,sQo5orQFQxdx,1,voucher,1,159.16
1277,eLVzo7hshA0h,1,voucher,1,290.53
1278,eDldNKs6Ky45,2,voucher,1,292.34
1279,0BSkYM4aIXxA,1,voucher,1,829.17
1280,WKFXSmE3CNrZ,2,voucher,1,171.8
1281,HbiVBIs9EaAe,2,voucher,1,719.37
1282,8hIKTg6bsBjA,2,voucher,1,267.29
1283,Os9UDf6UmF53,1,voucher,1,125.8
1284,R4UA4Wgu05Pw,5,voucher,1,1843.85
1285,XTSqvScgB1sa,2,voucher,1,1843.85
1286,t6ZD3skCbsrM,2,voucher,1,224.72
1287,kM24x5qw1DXe,4,voucher,1,1372.1
1288,XDfQJzSw6nvX,1,voucher,1,61.51
1289,T8UhB07lim33,16,voucher,1,534.25
1290,loxxNJkzuHeC,10,voucher,1,92.21
1291,XBG9sgQR7HlT,4,voucher,1,105.39
1292,vXh4GH9hzSJU,1,voucher,1,20.83
1293,v3MDmPdtnrhP,2,voucher,1,367.42
1294,s2dkFe9PQ2La,2,voucher,1,65.96
1295,7T0FSzHbDWb5,2,voucher,1,447.24
1296,yrbv1lkQhi29,5,voucher,1,1294.26
1297,CcDZWkqf9JCV,2,voucher,1,38.86
1298,qwUBNEj1VEdq,3,voucher,1,1009.98
1299,8U9BXXdOiTax,2,voucher,1,1843.85
1300,FFk9ijntjenn,13,voucher,1,534.25
1301,nsh7H77Bge8Y,2,voucher,1,221.48
1302,0HnF3C0COFHC,2,voucher,1,169.08
1303,68c1VIKRVcak,1,voucher,1,135.2
1304,rx8D7fIeDCq0,1,voucher,1,316.72
1305,9zOME0EtIw1s,3,voucher,1,307.73
1306,Jgk3LjDu2h0l,5,voucher,1,714.23
1307,YuUzjzofctpf,2,voucher,1,33.29
1308,4TcfaZtDlwro,3,voucher,1,138.87
1309,c2WYyUpRpE8J,1,voucher,1,203.32
1310,bEqWXRnTBSWY,1,voucher,1,33.48
1311,ldMozy2hEpJC,2,voucher,1,73.85
1312,RFI7b2iYkXiW,3,voucher,1,129.77
1313,XBwtoC79Vwzz,1,voucher,1,258.33
1314,Z0DuLWeQWHII,2,voucher,1,178.72
1315,ROZfNJe2meXc,4,voucher,1,359.62
1316,k5ypYFlWna8Z,2,voucher,1,203.65
1317,t1xjlt6JuFyA,2,voucher,1,0.79
1318,VVHlQiExnyNd,2,voucher,1,92.67
1319,2ZMJRReUJgOa,1,voucher,1,120.67
1320,3Io9XO5SHm8r,2,voucher,1,322.38
1321,RhO7Q3WTrx63,1,voucher,1,74.32
1322,wgACYWKGKnAP,1,voucher,1,33.48
1323,Nao2r5xhCZPm,1,voucher,1,374.58
1324,dWUBXLGEAWDg,1,voucher,1,151.98
1325,84alXkIpYniX,2,voucher,1,145.48
1326,csUGkIpKniZO,1,voucher,1,298.17
1327,R9XRE1RfECMS,2,voucher,1,820.62
1328,hlNL2RgxO8f4,1,voucher,1,122.08
1329,sHmHX3d8F55n,1,voucher,1,110.01
1330,naHciw14HALA,2,voucher,1,1843.85
1331,W6o2cBD5BAK2,2,voucher,1,2.03
1332,8f9xOP5oltCy,2,voucher,1,1843.85
1333,xtJsMb3DrLsG,1,voucher,1,64.28
1334,mGDf9t5DIOUK,2,voucher,1,145.48
1335,cc6UWewY1qE5,1,voucher,1,121.58
1336,EvRZgXCOw1tN,3,voucher,1,320.73
1337,aDRfqzlJqsB6,9,voucher,1,887.45
1338,YEn0FZjibQDA,2,voucher,1,401.63
1339,mPwNwsmrBb2Y,1,voucher,1,95.99
1340,v9xoKurfn7nR,3,voucher,1,721.71
1341,2FNt9kYsPAm9,1,voucher,1,466.95
1342,qbCuxtmJAOUk,3,voucher,1,795.61
1343,5oHCUiMeSj2X,2,voucher,1,145.48
1344,6o4M9Me3YUFc,1,voucher,1,551.25
1345,m8lmqrQNvucw,1,voucher,1,185.2
1346,A8NvvNgRCfgI,5,voucher,1,284.65
1347,CkvVnl3DSXw6,3,voucher,1,643.9
1348,zXb2hvwxrVKr,3,voucher,1,92.51
1349,WvORD5kpqPSu,25,voucher,1,129.14
1350,abpTAeBThpIb,2,voucher,1,33.48
1351,xIdp0qJ9wjye,1,voucher,1,328.59
1352,tnYYGCk25bOM,1,voucher,1,28.83
1353,ynKqT1UIziSa,6,voucher,1,27.37
1354,z9SgMzMfFZEn,6,voucher,1,238.78
1355,lbUjF7dOa246,4,voucher,1,805.06
1356,rcIQlik09oBI,1,voucher,1,86.59
1357,JvLE6YjDUcg0,2,voucher,1,420.08
1358,k0gZ3xKIB9ni,2,voucher,1,145.48
1359,l4y5f67a0OuD,2,voucher,1,25.58
1360,VYlNRevZkv4l,3,voucher,1,173.76
1361,44OUTYPpVYil,9,voucher,1,63.18
1362,jBWEv5U2Egr2,2,voucher,1,270.53
1363,PZk5ZkJoOzvq,11,voucher,1,62.58
1364,J2hgSgZVZ4S8,1,voucher,1,61.15
1365,LSIeKQ8N8TzI,1,voucher,1,123.62
1366,uAxMb5RllsYa,2,voucher,1,76.63
1367,kO3hoWMg3rPs,1,voucher,1,57.88
1368,8WEOu46KKGVL,19,voucher,1,528.41
1369,bYeMRL63C9nF,2,voucher,1,251.36
1370,cw6DvWnlzpS4,1,voucher,1,231.4
1371,n1HHUOAmVo9o,3,voucher,1,163.33
1372,R2KE2EXEpMcr,12,voucher,1,337.24
1373,ueplE8FbURPr,2,voucher,1,33.48
1374,4kUTJqgw28nS,1,voucher,1,232.12
1375,PQSxMFVkWoVR,1,voucher,1,2733.63
1376,3z30J0Zqjjy5,18,voucher,1,89.27
1377,6htYydnWlgRg,2,voucher,1,28.04
1378,0CTyej2fCCO1,12,voucher,1,534.25
1379,MfJbhYGqXR39,2,voucher,1,155.88
1380,vjDxeEgmTQEM,2,voucher,1,94.39
1381,BDDBAylFUmkT,1,voucher,1,83.21
1382,QtkPPGyzObHW,2,voucher,1,136.23
1383,pGzXRyD9lehX,3,voucher,1,50.3
1384,IPaWeNyp1U7G,8,voucher,1,119.83
1385,j5aBzChw4QcN,4,voucher,1,119.89
1386,gc1PVu95sU4P,2,voucher,1,2759.95
1387,3blvPRkFuUP6,2,voucher,1,506.39
1388,eVpND4hWHY4T,1,voucher,1,168.46
1389,IRcyY9Zi8fKm,1,voucher,1,100.19
1390,kn8O783pmeXz,2,voucher,1,502.8
1391,hsfn1ioyKtYc,3,voucher,1,302.46
1392,Sy7H80QpMevk,9,voucher,1,74.36
1393,cXU19E2t9RL8,2,voucher,1,163.33
1394,Q3k3Y9tCEACh,1,voucher,1,194.34
1395,6bA3h74YLFMo,3,voucher,1,97.58
1396,7S2zOMrsI3cr,2,voucher,1,240.35
1397,aYuH1qWIQw9Z,2,voucher,1,966.48
1398,5IdIXPvdOQ85,4,voucher,1,33.48
1399,sU8CcygOdAO5,2,voucher,1,224.05
1400,vSz5ypctQp1U,4,voucher,1,36.28
1401,14194TMusfcH,3,voucher,1,246.24
1402,2naR8902uBXU,2,voucher,1,351.69
1403,LaMhN7tAbvTt,2,voucher,1,77.31
1404,zipBwIeWILi3,10,voucher,1,199.48
1405,GkVGieyYwmqW,1,voucher,1,622.64
1406,27On8mRQLMqt,2,voucher,1,1843.85
1407,HXjD1TJGb9lc,1,voucher,1,95.42
1408,0m5ocKLS5xfw,2,voucher,1,50.29
1409,Dx4iwPHotQot,3,voucher,1,592.16
1410,8hUGWJPbAdxB,4,voucher,1,25.58
1411,d5ALbmCyyL0g,2,voucher,1,1821.87
1412,mYM1BHlI6l4P,1,voucher,1,202.63
1413,5BqqDHcBXrbo,2,voucher,1,68.34
1414,UmYebmvqvlfJ,2,voucher,1,83.16
1415,ANJrluNfgrv6,1,voucher,1,203.23
1416,sHeI0ljMTNyq,2,voucher,1,145.48
1417,BbmMdybG7LsD,2,voucher,1,79.65
1418,jV4XdEPvAlqb,2,voucher,1,1843.85
1419,bKHKGdgJ3eWu,2,voucher,1,2.08
1420,UV4RUOYD7sr4,1,voucher,1,1936.99
1421,TsynuVA01hO5,2,voucher,1,4.06
1422,ctHysGNSVdhF,1,voucher,1,378.86
1423,jc5oEaHMFBLK,3,voucher,1,1250.42
1424,j3fjiaWIFX3O,2,voucher,1,194.88
1425,TEkdIrX5ERaZ,2,voucher,1,38.41
1426,S8YlaproVKp4,1,voucher,1,222.19
1427,GANtDKCqCssg,1,voucher,1,170.92
1428,UzgDahGP4HIa,2,voucher,1,406.58
1429,7RVMEVWW2iaF,5,voucher,1,406.35
1430,tO7uB1lkUzBz,1,voucher,1,239.24
1431,0FPhZk0NPiF8,2,voucher,1,2438.51
1432,LDEv9yUHsImC,2,voucher,1,1843.85
1433,N95ajAKufiFR,4,voucher,1,33.48
1434,NG7g31F56gpU,7,voucher,1,238.22
1435,DCPkRKZndTOI,1,voucher,1,76.17
1436,15tj1fTWUh3E,1,voucher,1,192.19
1437,3jq0WeRkmAu2,3,voucher,1,406.58
1438,9Q450nGVEHy5,3,voucher,1,118.01
1439,lCAYKd8kEtN0,2,voucher,1,53.7
1440,Kyhxu81yzby6,2,voucher,1,112.17
1441,M7z86pJeJDy2,1,voucher,1,9.52
1442,xIbber2JCMwj,2,voucher,1,119.78
1443,DND2zkBAy5As,2,voucher,1,129.89
1444,uo03X9ZIzqOq,1,voucher,1,548.08
1445,BoXR5ypCdUq8,4,voucher,1,253.36
1446,RCwrGuuLXPEa,3,voucher,1,117.07
1447,RrpGWy3mVECb,2,voucher,1,158.72
1448,jQSwOWMdMkeK,2,voucher,1,259.79
1449,88RQebJxwmbl,2,voucher,1,328.63
1450,Vv2ghseJbOdR,4,voucher,1,406.58
1451,gcChHEzzXRSy,3,voucher,1,182.16
1452,UtjqCcEayYA4,1,voucher,1,83.21
1453,NQi9swTHhENu,1,voucher,1,148.99
1454,xGaCt5jbCceS,2,voucher,1,1843.85
1455,Ly944UTNbp4m,1,voucher,1,50.62
1456,fkqidGKLcbuD,1,voucher,1,0.32
1457,F5F12TebbHpm,2,voucher,1,33.48
1458,MmF1ROmpeNMC,2,voucher,1,119.78
1459,RDuUwNNvzJbR,5,voucher,1,50.29
1460,fewUWT8YJfBL,2,voucher,1,25.58
1461,QUq43AOw1DcO,2,voucher,1,145.48
1462,D9m86RDEnmqs,3,voucher,1,33.48
1463,Br8byrk5ltpj,2,voucher,1,1843.85
1464,Bys5MdsTBwKO,3,voucher,1,326.92
1465,osx75Tc7Nz2B,2,voucher,1,107.19
1466,2sYcpbBhg1RZ,2,voucher,1,811.46
1467,AvMquOqiGRnj,1,voucher,1,85.67
1468,EI24fEmJR3FV,4,voucher,1,97.58
1469,BdGZxg4lZkLk,12,voucher,1,534.25
1470,HFRUxCNivnU3,4,voucher,1,278.37
1471,S27TsTuTPOhL,2,voucher,1,328.63
1472,mmLghBEoB6XC,20,voucher,1,193.31
1473,dY0SQSr09w9g,1,voucher,1,41.83
1474,AOhyqLtTAdXt,2,voucher,1,25.58
1475,WzbuiETe7YSp,2,voucher,1,193.31
1476,kFgmRPogD7fS,2,voucher,1,28.13
1477,wX3VMd9Ut41K,2,voucher,1,145.48
1478,felX46vehPcc,1,voucher,1,59.1
1479,jMJpbIxQcAZ9,1,voucher,1,295.71
1480,sVZU8YNZxwU6,1,voucher,1,102.42
1481,wRKICP3Fxdsv,5,voucher,1,63.18
1482,g9dWMLGGp47X,1,voucher,1,138.6
1483,cwBwJ1OcPnbt,27,voucher,1,345.18
1484,M7hTqub1Qwb9,2,voucher,1,145.48
1485,1gnRUNLLKOB7,8,voucher,1,308.72
1486,Yc4QI8wqpsCb,1,voucher,1,268.42
1487,Q5Cxj02FpzHn,2,voucher,1,80.9
1488,lHZgVNSPuSvK,1,voucher,1,253.35
1489,VdlKP6GorS1o,2,voucher,1,1137.11
1490,brH7hOcRCZCH,2,voucher,1,164.4
1491,WSjJH4CYbWox,3,voucher,1,104.14
1492,EkMMtOXsCTAd,3,voucher,1,33.48
1493,gIfnUOTr6PUK,7,voucher,1,267.92
1494,ma1bKwbEFn38,2,voucher,1,86.1
1495,8IyOHWd6m4nk,5,voucher,1,184.82
1496,uhanIUEdf2dt,1,voucher,1,265.94
1497,CEMFPV3dgq2O,3,voucher,1,95.42
1498,8260gOZeM5HV,5,voucher,1,856.89
1499,srdkdjK0fx5E,1,voucher,1,63.04
1500,hhFtjYoFKr5o,2,voucher,1,145.48
1501,sQanbUyEnEED,3,voucher,1,119.02
1502,XKZpj3CDEBYV,2,voucher,1,452.81
1503,Mb1weWIQ5oxl,1,voucher,1,1230.0
1504,cKK2sWTJfj3f,9,voucher,1,109.33
1505,IjzlLTUf3xmm,1,voucher,1,173.71
1506,AT0uNVNUHSut,2,voucher,1,355.58
1507,Ii6MfbkFH5nj,1,voucher,1,406.58
1508,fpHPivsZE2s0,2,voucher,1,204.54
1509,3r2admMlOyXw,3,voucher,1,328.63
1510,638g4JzWDZRb,2,voucher,1,59.23
1511,YjhaCbmdbQFr,2,voucher,1,145.48
1512,ZNP8mJoHSRnm,2,voucher,1,328.63
1513,PbgI3EAgKWtN,1,voucher,1,467.99
1514,wZG9hTZZiRQc,2,voucher,1,678.19
1515,Y7KD3MYikgM1,2,voucher,1,131.32
1516,SecB7fl65LFy,2,voucher,1,129.38
1517,m5sphg2wYJNw,2,voucher,1,145.48
1518,dNLLJS1oszQy,1,voucher,1,1526.26
1519,L11qZTba3Xsh,2,voucher,1,145.48
1520,3tLHs3kQafff,2,voucher,1,150.01
1521,jT8HLtYL0nJs,2,voucher,1,135.2
1522,WRhylnGBipkl,1,voucher,1,627.54
1523,oMP1OwN6oEg7,2,voucher,1,121.64
1524,blodOgNHCz2q,16,voucher,1,534.25
1525,MoWDwafgRZ2j,1,voucher,1,38.18
1526,v8EUdvwKC2eH,4,voucher,1,163.95
1527,0d1VZW5F4PML,3,voucher,1,3.92
1528,4OiwhK5KZ5D9,2,voucher,1,563.95
1529,F5MRm04fBtKd,1,voucher,1,586.43
1530,u8HBz9AwqPQ2,3,voucher,1,145.48
1531,C1U3GAJGbaQE,12,voucher,1,30.05
1532,Jw4zCnlBfB9R,2,voucher,1,26.85
1533,6DFejWrt1BAS,2,voucher,1,472.02
1534,eC5X8oD8Tr2w,2,voucher,1,530.99
1535,16t0x3Bwp0dR,1,voucher,1,58.0
1536,DhG5eLcx6zDY,2,voucher,1,145.48
1537,M1hafzFIVszl,1,voucher,1,184.52
1538,XUnTpWOstXSI,2,voucher,1,1240.85
1539,g0RJF7gBAqaT,1,voucher,1,129.0
1540,ej6hw0IREEu5,2,voucher,1,451.44
1541,jktJQtgUSdjn,1,voucher,1,36.95
1542,l7Rj92hozJgD,2,voucher,1,236.54
1543,4xWUqaBEBrks,3,voucher,1,207.5
1544,T2agbn08WGfA,2,voucher,1,343.36
1545,uxXCUK049H7l,2,voucher,1,61.15
1546,kXMQCpCyKmX8,1,voucher,1,165.25
1547,r6mlUpB5pyAR,2,voucher,1,1.2
1548,Cx44JRlOBZYD,2,voucher,1,268.2
1549,KUlHjTK6sU5e,3,voucher,1,846.72
1550,yipWfXabS7fD,2,voucher,1,6.13
1551,MHHF3ukD49Oc,1,voucher,1,899.99
1552,7LUU4KrSgSOm,2,voucher,1,247.15
1553,67uBViNeqWGL,1,voucher,1,55.26
1554,L8pb2zf6YlkS,2,voucher,1,113.18
1555,yg1T7P8JePuu,1,voucher,1,80.1
1556,DiKyRH3LIYpk,3,voucher,1,13.09
1557,jhPTiZjYXCQv,2,voucher,1,204.85
1558,LxBh9azSoWSj,2,voucher,1,125.54
1559,FtRnegKbWHaH,2,voucher,1,145.48
1560,wG1DNTTN6NGi,1,voucher,1,90.89
1561,rq45EoNCaTf1,2,voucher,1,103.38
1562,VJ4GpB95I1OX,1,voucher,1,143.1
1563,OCtuKTRd8Xdn,1,voucher,1,355.38
1564,4akZlOBHVnWr,2,voucher,1,176.98
1565,AtihmIXNzLOU,3,voucher,1,83.59
1566,wVJgVDZn1K2i,3,voucher,1,62.54
1567,YEktX6ImxmZy,2,voucher,1,145.48
1568,bUJmRZRcL2Hd,2,voucher,1,37.24
1569,OyXG9fNfVU4V,2,voucher,1,145.48
1570,ziuZleousKas,2,voucher,1,119.02
1571,fWK6zqYgrfgh,4,voucher,1,202.63
1572,tgJkU00ZnJYP,2,voucher,1,663.93
1573,a0sSpfXChnkT,2,voucher,1,121.61
1574,mqsHbrKW30qO,3,voucher,1,255.87
1575,M4eLIWilD3aZ,8,voucher,1,1.55
1576,UKs52OalShmH,2,voucher,1,910.6
1577,R7aeg52KBitX,2,voucher,1,178.52
1578,yH5W1olrNZCj,1,voucher,1,33.48
1579,bUlWxrIJoeR2,2,voucher,1,146.68
1580,nECVqRItKj7a,2,voucher,1,197.3
1581,4YB7nOP7Lwda,2,voucher,1,151.86
1582,Qhy8N2gpjSJ6,5,voucher,1,33.48
1583,vBcUKzPrg9d2,1,voucher,1,78.35
1584,roiA5JkHgtUE,1,voucher,1,190.47
1585,hviYUCm9WG2I,1,voucher,1,158.68
1586,X6tdNQHVSFK1,2,voucher,1,807.47
1587,wpwsOC3Or7H8,2,voucher,1,263.52
1588,qqrxb1AlJUl3,2,voucher,1,247.83
1589,wA7IAGTEY99Z,2,voucher,1,193.31
1590,9ZG80DlpAZPS,1,voucher,1,283.61
1591,8m7Mg24H7Vwu,1,voucher,1,468.91
1592,FiGZ7ote9NgG,3,voucher,1,33.48
1593,seMynrTWeYDV,11,voucher,1,64.01
1594,wF0w40ibdNVc,8,voucher,1,2.61
1595,2Ag1O4eEtZsr,2,voucher,1,33.48
1596,6m5yigmPh3fi,11,voucher,1,25.09
1597,PpIN15cIErV3,1,voucher,1,112.15
1598,SUs08LjOTqAb,2,voucher,1,315.61
1599,TCzy2DZUkx2l,2,voucher,1,29.74
1600,IhiSh2FCoE6e,2,voucher,1,285.68
1601,TMAKNho9xnW6,2,voucher,1,1843.85
1602,LraEUqslRKAU,2,voucher,1,32.88
1603,ZYCnVoFNClNt,3,voucher,1,1041.4
1604,tYp3vwZ1GDCx,2,voucher,1,261.9
1605,PYdPlnNW0KIk,2,voucher,1,205.52
1606,wrRjJ7PLqQm0,2,voucher,1,121.61
1607,9qCe2pCrODb3,1,voucher,1,650.34
1608,LvRc5fBbqxOJ,2,voucher,1,56.03
1609,HW2AGU9qaP7g,2,voucher,1,100.7
1610,cCFz5PlxxHHY,4,voucher,1,50.29
1611,8BMMjvINdNFA,1,voucher,1,163.13
1612,U1SPUTqIiREj,2,voucher,1,43.14
1613,kMtIQn4CRkIS,3,voucher,1,33.48
1614,CNw6EaXC5GL4,2,voucher,1,1843.85
1615,g1LppmWQJ2RI,3,voucher,1,248.71
1616,rz3CWstmTt3A,2,voucher,1,25.58
1617,YxJGuwH89fKA,2,voucher,1,39.19
1618,u5yJD5CnYcnR,2,voucher,1,343.37
1619,HecGxJ4ogugv,2,voucher,1,193.31
1620,7DPjpLphtPWa,1,voucher,1,281.71
1621,LZpUp3tnOXrq,8,voucher,1,55.1
1622,09KoD8A0sNLh,1,voucher,1,33.48
1623,XU8ftiunCVdz,2,voucher,1,473.36
1624,fq03KwWfnXXf,2,voucher,1,44.6
1625,Md1qFWPiTFnR,2,voucher,1,5.99
1626,ZzLP0ONPqdFn,2,voucher,1,96.23
1627,hGcciZpebaLb,2,voucher,1,751.28
1628,e4jzKpKMj3Nx,1,voucher,1,72.65
1629,A8PgAJZCJPcu,2,voucher,1,114.43
1630,sVEfLAU4AZP4,8,voucher,1,65.84
1631,MoGqULFqaxY7,1,voucher,1,242.59
1632,iT2bBPG2ZCcz,2,voucher,1,0.93
1633,3nW98IoRycnw,2,voucher,1,1027.51
1634,xxVHEDLwIBE0,2,voucher,1,158.58
1635,9S8wZuTkcnzV,2,voucher,1,221.48
1636,z9HYtH9Rvgr7,1,voucher,1,93.9
1637,dqpLFTPpCZdb,1,voucher,1,292.2
1638,8kPDXG2prnzh,2,voucher,1,85.49
1639,UR0yLh24X26Z,2,voucher,1,187.49
1640,uwyYWWsKTtVG,2,voucher,1,25.58
1641,gPzO0mCRCWYq,2,voucher,1,247.88
1642,dVlBndM7zsy7,2,voucher,1,192.22
1643,AopklpTNzmCa,2,voucher,1,125.49
1644,Lj3CDjfbtD0L,6,voucher,1,151.42
1645,zy9TgvRebyy7,3,voucher,1,238.6
1646,Jn8neJXB5rqD,4,voucher,1,846.72
1647,LMO06zFSPHDr,4,voucher,1,85.24
1648,HOP2qciWP9kD,2,voucher,1,494.67
1649,7o0ZsinV2L5D,2,voucher,1,76.61
1650,xNqc7nZJRcDw,1,voucher,1,828.08
1651,7dW9Ndw51hVz,2,voucher,1,150.01
1652,H8v9Sj2P6sMM,2,voucher,1,256.77
1653,hawftqPXEvNW,1,voucher,1,138.6
1654,PBvt5Ac0b2vx,2,voucher,1,1843.85
1655,dZCLPWQxEjST,2,voucher,1,144.47
1656,9NTEpgJGNvZq,2,voucher,1,299.26
1657,jClbwRF0XcA9,2,voucher,1,248.76
1658,mRgGbzWRcqeY,2,voucher,1,482.71
1659,LYs6YL7XN2px,3,voucher,1,33.48
1660,nMbwE48RQwqV,2,voucher,1,1843.85
1661,U2Xc3XX5irHD,2,voucher,1,568.05
1662,nqowc8KqVdwk,2,voucher,1,67.9
1663,vkwQN8iQdQrP,2,voucher,1,193.31
1664,vMGc1qudYXZU,5,voucher,1,134.68
1665,Q5kRFJ39uXTZ,2,voucher,1,630.44
1666,9eDkDfF7XAhP,2,voucher,1,147.5
1667,rKHfhkPNY1EX,3,voucher,1,46.56
1668,aVlG2SGXryfG,1,voucher,1,80.57
1669,K7EWq9fx4ofO,2,voucher,1,145.48
1670,erd1oeyNoIer,2,voucher,1,1843.85
1671,SvmVDCB3hoK9,4,voucher,1,33.13
1672,fujJMF8ED1D0,3,voucher,1,171.93
1673,frHw0L8Jsi6o,2,voucher,1,268.19
1674,oqDV3sI3Phoj,3,voucher,1,61.02
1675,s7GYGWiT1qyj,1,voucher,1,9.36
1676,GWYMifrbd63a,2,voucher,1,257.37
1677,0oHczZZ9X339,1,voucher,1,665.87
1678,J0YyisdKZg2n,3,voucher,1,33.48
1679,GrucIdF0ZGAv,3,voucher,1,33.48
1680,EbtCz0CTJwGy,10,voucher,1,39.81
1681,Uj5dDPMHvElU,3,voucher,1,211.89
1682,Jr0IsX1WelQH,2,voucher,1,1843.85
1683,ordN069z80IY,2,voucher,1,23.15
1684,knGnWbm8k4pF,1,voucher,1,389.45
1685,POQ50sI0NlZ6,3,voucher,1,156.32
1686,eQm6AWsZ02lG,1,voucher,1,279.54
1687,RdZu6sfA1wMD,2,voucher,1,52.18
1688,TgrYllSU5Vjt,2,voucher,1,372.28
1689,elC0tO5zUChL,7,voucher,1,25.58
1690,0Q4gwYDU26Hj,4,voucher,1,36.28
1691,wLEcjy9dZVBJ,2,voucher,1,355.76
1692,eQlLXbcUFclp,1,voucher,1,521.37
1693,XiyZj7WJGWiN,2,voucher,1,206.63
1694,bMSOVkrDAYJU,5,voucher,1,151.97
1695,sU9HmMvKP8in,2,voucher,1,197.23
1696,ihszPGSrybQN,3,voucher,1,238.22
1697,6hdUr0ZroDwv,2,voucher,1,1843.85
1698,QWNoKYzFQ8dg,2,voucher,1,149.32
1699,1TkSDmtywIzb,3,voucher,1,658.65
1700,ELngQnX1ZXuZ,3,voucher,1,261.54
1701,ZK8aX1Ix7wA3,1,voucher,1,479.7
1702,bDSmUJJmd99t,5,voucher,1,151.39
1703,6DNRldMwqVIz,3,voucher,1,145.48
1704,QsKFu5rrJDhT,2,voucher,1,32.88
1705,T74CIWjiJj2B,2,voucher,1,1843.85
1706,SrVSGwvFN3km,1,voucher,1,134.63
1707,qh8JmxkPdyLo,1,voucher,1,182.12
1708,HfmTi69H3Fsk,4,voucher,1,171.93
1709,8BPzItadpQbe,2,voucher,1,33.48
1710,dGUCOfhnWcUQ,1,voucher,1,309.07
1711,H3EaSEhb11wi,7,voucher,1,33.48
1712,FY13dfju6ADs,1,voucher,1,46.53
1713,BK79zSleegFb,2,voucher,1,173.94
1714,NTDnBcDr15TE,1,voucher,1,25.58
1715,i5WuQvvyNfWM,2,voucher,1,247.69
1716,bh34PRgoA2tJ,1,voucher,1,183.29
1717,RSPwVvo1XIY5,1,voucher,1,189.57
1718,fENwaxu6O4cc,3,voucher,1,163.95
1719,vqlEFdmGmGwk,3,voucher,1,239.06
1720,CLB8wYAXXHly,2,voucher,1,260.52
1721,C26bNbr0m6f4,1,voucher,1,176.16
1722,gXlI6fN9CZMO,4,voucher,1,122.8
1723,GrxWfzGtqafz,4,voucher,1,25.46
1724,cuggBZLlIQ8B,1,voucher,1,8.6
1725,wyQOoBqwwQPt,4,voucher,1,138.12
1726,Ni9RZY51MPvA,3,voucher,1,1381.87
1727,ASoOoyD4xGfC,2,voucher,1,888.74
1728,Fny4zQyHIiUr,2,voucher,1,317.3
1729,rnFDaY7QPV8L,2,voucher,1,152.51
1730,vFjsOWF7fWEO,2,voucher,1,118.13
1731,82XzxSK9WoUw,2,voucher,1,162.15
1732,eTU8fAfQHHlD,2,voucher,1,769.34
1733,VCcDqp8vvA4i,2,voucher,1,55.79
1734,Mn1BX3EEmLW4,2,voucher,1,172.57
1735,D9ebHBydrTVl,2,voucher,1,475.95
1736,uGauTxrqEZ2Y,4,voucher,1,71.05
1737,COCadRGe4bZ9,2,voucher,1,923.63
1738,jSjIhBK7sYbx,3,voucher,1,25.58
1739,m4sEssRoOsg0,2,voucher,1,145.48
1740,aHOuaWXXihNX,5,voucher,1,33.48
1741,kRX6FKe8J9bL,2,voucher,1,1843.85
1742,15J8I1PdFAcA,2,voucher,1,149.32
1743,b7oBrKQmVuA8,5,voucher,1,33.48
1744,z3YzLYb5oTmI,7,voucher,1,258.55
1745,0INAu3KdRgad,1,voucher,1,305.7
1746,yGLbgZCFXyly,4,voucher,1,80.78
1747,OR0K2B2SU6FE,2,voucher,1,126.19
1748,SW1McEUXN7Ch,1,voucher,1,50.39
1749,om6nzT77QvZ5,3,voucher,1,521.6
1750,9IYRA5CiCJJx,1,voucher,1,45.67
1751,g94n2pRrf59H,2,voucher,1,1173.56
1752,NJzqlt9zW5v6,2,voucher,1,145.48
1753,cL5IEIKMiBO4,1,voucher,1,57.43
1754,SRZP7NdVzi33,4,voucher,1,388.82
1755,8mQfir92HOiI,2,voucher,1,366.32
1756,t7KWLZ2KJfXY,2,voucher,1,112.72
1757,xWEHzUc51P1R,2,voucher,1,918.16
1758,EpRss8E3BLHK,1,voucher,1,96.31
1759,84rs9kimVQK0,1,voucher,1,166.31
1760,odo7RF39Rc93,1,voucher,1,383.3
1761,zjbgSJbpTdUu,2,voucher,1,125.0
1762,XVKGmnfTU4LM,2,voucher,1,33.48
1763,CkWq7CpziKtx,2,voucher,1,153.4
1764,mT7SlSNRUFCe,1,voucher,1,258.47
1765,6LOCGC60xjFZ,2,voucher,1,203.38
1766,BWaE8HSKjMRP,2,voucher,1,182.63
1767,rtpOUQBTIebl,2,voucher,1,98.69
1768,EmsXf6GjcoAf,21,voucher,1,49.68
1769,DXNFU60I3Mas,4,voucher,1,184.82
1770,unxjKhjfSzbz,2,voucher,1,104.0
1771,9yg1eLMhEdDg,2,voucher,1,145.48
1772,m1NXO5CfbQPT,2,voucher,1,125.04
1773,oyQ5gPLdxh7P,2,voucher,1,4.06
1774,E4Xir6KJ58iA,1,voucher,1,64.98
1775,fxfdpFOawKWY,1,voucher,1,351.54
1776,nGpO8QyC19gM,1,voucher,1,80.82
1777,py568CcuH9Yd,1,voucher,1,372.06
1778,V5xromS59Zz7,1,voucher,1,206.27
1779,Zru2kFeYKSGI,1,voucher,1,217.82
1780,57PlHD6ZOQ1Z,1,voucher,1,309.5
1781,xf3JVvxvVFXU,3,voucher,1,145.48
1782,syuaf3iFZLF3,2,voucher,1,109.33
1783,KPOzQQS4mkry,7,voucher,1,1053.84
1784,R6McYFmlpj79,2,voucher,1,193.83
1785,hJ5pwUI6rcUT,2,voucher,1,192.74
1786,dKqTNUaMhWPf,2,voucher,1,40.4
1787,bZPXhqMZUCW6,1,voucher,1,107.78
1788,G31JMMMfCcy7,2,voucher,1,66.46
1789,YF4pXhmTMAeQ,6,voucher,1,74.36
1790,TnQT1Q4dMYJ0,6,voucher,1,129.42
1791,LFjZqVmmk0iR,2,voucher,1,70.48
1792,cCiWmMnuxAid,1,voucher,1,177.66
1793,C7KwvQGzmwWJ,3,voucher,1,260.52
1794,BfvsKaPO9Jy0,2,voucher,1,121.37
1795,YsMvuBI9J3BJ,2,voucher,1,857.97
1796,T25gKQAvbtp9,2,voucher,1,145.48
1797,0BIEPtt6mkDb,2,voucher,1,287.38
1798,BD1WP8AvCTAu,2,voucher,1,105.66
1799,N3Zhfq6AjZoX,1,voucher,1,406.58
1800,YdDxaSfmv8gF,1,voucher,1,5.09
1801,5CS8UHQT8aua,1,voucher,1,197.8
1802,muE5NYwelRDO,2,voucher,1,1843.85
1803,vHHc65BCPGSk,1,voucher,1,301.31
1804,qGBjwDvwavdY,1,voucher,1,118.65
1805,cz3kcAzFnG53,4,voucher,1,379.97
1806,JATySyBf8wqa,2,voucher,1,33.41
1807,y4BbhwhgFCXQ,1,voucher,1,166.33
1808,DvzlhcD9amE7,2,voucher,1,145.48
1809,KTDgqHC6tp0q,2,voucher,1,33.48
1810,CcqfNeMHn9La,9,voucher,1,74.36
1811,OyCCk5abVYJl,2,voucher,1,42.85
1812,bSeUbmyxIsR2,4,voucher,1,25.46
1813,yJtNiVslUcmF,1,voucher,1,829.74
1814,Rbsqavqo1LcN,2,voucher,1,1843.85
1815,8jnjLfNNiIXx,2,voucher,1,161.3
1816,8p5K5NVEWtpJ,1,voucher,1,13.17
1817,ucSUidGKuRoi,2,voucher,1,145.48
1818,EwM5VkpBtJoO,9,voucher,1,231.56
1819,H9r87yAlDcNK,2,voucher,1,1843.85
1820,gRV3sdMM7wJg,2,voucher,1,129.5
1821,u1xC4AvCmohT,4,voucher,1,267.9
1822,aH7Rhn2O8f6I,2,voucher,1,172.0
1823,j0eDOqAuI1OR,2,voucher,1,38.05
1824,DiHLfkpi0UGE,15,voucher,1,534.25
1825,wP2kPpuzMiPl,1,voucher,1,123.24
1826,RAJcGPTR4Occ,2,voucher,1,10.57
1827,hpvZ91EY4Vw4,3,voucher,1,134.48
1828,Vw4cuxbsU6Jj,2,voucher,1,29.12
1829,otOA34OHXdEH,2,voucher,1,1843.85
1830,GRdY7QifCpv7,2,voucher,1,188.96
1831,vHQ9QHXEgT9B,1,voucher,1,89.53
1832,3CxjkEMs2HVE,2,voucher,1,406.58
1833,OU16jHvo7IEJ,2,voucher,1,1843.85
1834,KICBWOe8UAVp,3,voucher,1,0.61
1835,adFj67bIH3ku,1,voucher,1,171.77
1836,d0FNFvg3zCq6,2,voucher,1,447.18
1837,YVxzBPuWL0Jl,3,voucher,1,49.77
1838,MsqhaPvHyjhr,7,voucher,1,223.66
1839,s0TlbOXZrZXh,1,voucher,1,502.98
1840,M3jCSbdcClk4,5,voucher,1,133.84
1841,13Rh97q2VZHW,2,voucher,1,233.66
1842,i4Umvo2B6WZV,6,voucher,1,33.09
1843,cnK84B6DDfOj,2,voucher,1,23.77
1844,5WzqM9mhq0t8,3,voucher,1,195.43
1845,kcR3M6LxbnSM,1,voucher,1,207.7
1846,1BHNof8H8dxX,2,voucher,1,279.15
1847,6cSTqpyrJgxV,3,voucher,1,468.91
1848,qAuT6EDh2SY8,2,voucher,1,542.93
1849,y7oBWyvixb7L,17,voucher,1,534.25
1850,PuwuydK0u0Jx,5,voucher,1,145.48
1851,YzltDtGir4pu,2,voucher,1,33.39
1852,8PON59zO0weD,1,voucher,1,290.53
1853,x3GLgElLRAL3,1,voucher,1,151.92
1854,LMKJ9zn02n5x,3,voucher,1,186.01
1855,6R0lE015rJ90,1,voucher,1,100.21
1856,N5fr9eBP3oqL,1,voucher,1,12.44
1857,OCWOuNUV4ibU,2,voucher,1,259.64
1858,RBDET2HCVQhi,2,voucher,1,89.18
1859,Fs0WSRj7cFMu,2,voucher,1,3.39
1860,fCxCYz4SKXBO,10,voucher,1,534.25
1861,WPZ5xDWJ28Iw,1,voucher,1,145.48
1862,jBTl1MmlCYgy,2,voucher,1,188.22
1863,xd4qcJ4vgwuV,4,voucher,1,33.48
1864,HLECUe1gJ51y,5,voucher,1,353.45
1865,JtbeO7CMS3EK,3,voucher,1,521.6
1866,XCjzW2Arwj3h,2,voucher,1,45.98
1867,tBjTzKLQ2DNO,2,voucher,1,225.87
1868,DJ6BOxqxgsLp,2,voucher,1,1843.85
1869,F4MAzPvWJwxg,1,voucher,1,471.05
1870,bMnY1CFWErKK,2,voucher,1,51.63
1871,uSgLVEtAYSDc,2,voucher,1,148.22
1872,rpHC9kyqn7pa,2,voucher,1,127.45
1873,bxYEJkoQVyNp,2,voucher,1,75.53
1874,3URprnUprMIl,2,voucher,1,1468.45
1875,ZlI0Hb0i3PqG,7,voucher,1,38.86
1876,rAWIq495sXEX,2,voucher,1,59.36
1877,r9QW2bCDniEM,2,voucher,1,135.34
1878,0eJGLEG0CXLF,3,voucher,1,25.58
1879,2uLJHN5X0EXs,1,voucher,1,40.49
1880,k6o9sysVpfl0,1,voucher,1,406.58
1881,31MDB6MdIv3G,2,voucher,1,598.25
1882,LAvGuqid7uVS,1,voucher,1,180.3
1883,rjInlAqOeS10,1,voucher,1,145.48
1884,mIIpXBxaDwli,2,voucher,1,247.25
1885,qKKDqTaZ7GAD,3,voucher,1,42.29
1886,VkXyjoeXuhYV,2,voucher,1,70.53
1887,LxnAm5wvYGhE,1,voucher,1,292.86
1888,2BaoD0Zz0Ad9,12,voucher,1,255.87
1889,oNrAXib76mRi,1,voucher,1,1046.42
1890,dGyVkQjQ38Wm,2,voucher,1,1843.85
1891,Gau2rwe2f02z,2,voucher,1,193.83
1892,MEHua3iAI3SL,1,voucher,1,923.83
1893,yuk652SeSYi6,1,voucher,1,40.66
1894,nPouQXN7Vr0t,2,voucher,1,128.44
1895,qbV9zyEE0V0x,2,voucher,1,15.42
1896,6CNWGQxFht93,3,voucher,1,591.36
1897,ytsyXRFXK4s4,2,voucher,1,205.3
1898,hF5hDZcdLrrv,2,voucher,1,141.17
1899,Q69jZ7plRCfw,1,voucher,1,1843.85
1900,ABq53LCJQhjy,1,voucher,1,435.93
1901,15SQczaFhbST,1,voucher,1,91.44
1902,Kb40yXngCoRP,1,voucher,1,253.07
1903,d3HY61FES98k,5,voucher,1,37.76
1904,GjWeit1BxFS9,3,voucher,1,406.58
1905,5dU9zRLY51VK,1,voucher,1,96.83
1906,6EHDeQCWHF2I,2,voucher,1,33.48
1907,dHVk4FyKjjUN,2,voucher,1,245.69
1908,Kc6150qMvT0h,6,voucher,1,363.01
1909,OWmtXFj45r0x,5,voucher,1,453.35
1910,0kU8YUX3xrZS,2,voucher,1,91.02
1911,iSYKKrBrlBfM,3,voucher,1,253.36
1912,frCTg3qZUifG,1,voucher,1,248.35
1913,ROvRWLZNMNuV,6,voucher,1,127.47
1914,fhlwdeAemyKJ,2,voucher,1,24.05
1915,mPg8IMDgosjP,2,voucher,1,33.07
1916,m6KC1UWzdoiU,1,voucher,1,284.49
1917,XKKGXiGm91t8,1,voucher,1,158.48
1918,mfN24HO4h7mN,2,voucher,1,118.77
1919,DEjk1FUVfw7W,2,voucher,1,119.9
1920,HXP9psGkEmWF,2,voucher,1,76.63
1921,XQzKcqzsv2iF,3,voucher,1,225.84
1922,kMcIpTVeogOT,2,voucher,1,58.36
1923,5TDl6zN5g9q7,1,voucher,1,608.88
1924,OK73o41gcRrJ,2,voucher,1,328.63
1925,FaKDrJajC4uy,1,voucher,1,34.91
1926,HaulT5PfRFKH,1,voucher,1,21.07
1927,XImJNLdIhUgv,2,voucher,1,698.1
1928,qaiZKw1bW8Bs,1,voucher,1,138.64
1929,lxc8XE5YVkoC,2,voucher,1,33.48
1930,i5cJkWoic1dI,1,voucher,1,97.18
1931,93P14BloRrPA,1,voucher,1,33.48
1932,qOYfGu4v5PjY,2,voucher,1,663.93
1933,erVlEpkuTFCL,2,voucher,1,174.97
1934,XRMhlWi5PUg3,2,voucher,1,53.18
1935,UEsSKsK0ulRt,2,voucher,1,348.73
1936,ktuxwptQGNGJ,3,voucher,1,25.58
1937,tc7NvWmwjTiM,4,voucher,1,55.41
1938,BZBnMDwZvbSq,2,voucher,1,324.6
1939,QioLGBvNuRhg,2,voucher,1,358.88
1940,oxqcCBueqQEr,1,voucher,1,281.52
1941,rwk3jZPzw6CN,1,voucher,1,16.18
1942,E8pAgpE0DAqW,2,voucher,1,210.64
1943,f4SraMJ6einH,9,voucher,1,1023.87
1944,Bn5o052oNYE4,2,voucher,1,143.66
1945,ZtTreZAyqHvk,2,voucher,1,410.78
1946,PVOV159gk0Tx,1,voucher,1,198.44
1947,CDxEh7YZSOJO,1,voucher,1,30.3
1948,0zuSalRlOlJI,2,voucher,1,74.36
1949,LcxxRXOJzVH2,2,voucher,1,1044.03
1950,TQIsQEFFmfel,1,voucher,1,127.54
1951,XavbJ4yYLjDm,1,voucher,1,96.8
1952,eGbRYUIG3T2X,1,voucher,1,65.0
1953,xCefaIPA99K2,2,voucher,1,114.74
1954,2lkrfadPuALN,3,voucher,1,200.28
1955,EyYfbxNHAHVm,2,voucher,1,768.99
1956,EHedzqjEOQ7y,2,voucher,1,276.35
1957,2B3M6O9kJvbU,2,voucher,1,220.75
1958,i3u6mxpjsRL7,2,voucher,1,1843.85
1959,8gpIlEaLIU7J,2,voucher,1,140.65
1960,0jeZXRyRCz9q,9,voucher,1,253.28
1961,mi0Bj7P3gCpC,2,voucher,1,121.5
1962,HZQgK8TfmlRc,2,voucher,1,1220.0
1963,o1XOsnwyShxd,2,voucher,1,25.58
1964,LBAqlvJTm19o,1,voucher,1,406.58
1965,nqOfgYEuuWfp,2,voucher,1,33.48
1966,5gBnBExgjOxM,1,voucher,1,90.89
1967,rsHOKQwnp3xB,5,voucher,1,175.6
1968,9jEq7SvMloUE,1,voucher,1,126.0
1969,ib1EFrdZs0sj,2,voucher,1,821.93
1970,O6CuPLMcdZAP,1,voucher,1,180.58
1971,aglF0hRuMw4f,2,voucher,1,148.49
1972,t5nwBjWKtwW5,3,voucher,1,146.68
1973,kCgu6AVJ7oKj,2,voucher,1,51.63
1974,yED7r0SOIgjP,2,voucher,1,33.48
1975,mgvAOVHXvx2M,2,voucher,1,270.09
1976,pGNn8RYN6syI,2,voucher,1,8.13
1977,zmeIZ6P0PNRU,3,voucher,1,189.01
1978,U9SRxMVe3nYJ,1,voucher,1,55.51
1979,dP0iOQTVuGFs,2,voucher,1,108.4
1980,DxfeOXcppmpM,6,voucher,1,74.36
1981,gkf9giOITOsQ,1,voucher,1,177.03
1982,VlH1OfR152yx,2,voucher,1,136.19
1983,vEkyh59r5xt6,3,voucher,1,85.32
1984,jN2Guxu9owI7,1,voucher,1,33.48
1985,i66frdfGjbX4,2,voucher,1,204.48
1986,2ptyHQviGj1S,2,voucher,1,265.35
1987,1eoewgarFHl8,2,voucher,1,33.48
1988,spkSUVu7bVuw,2,voucher,1,447.24
1989,DVOg7jQPiPKL,2,voucher,1,1843.85
1990,z3EX9Rw8u5s7,6,voucher,1,279.76
1991,nBxDtRERi87o,3,voucher,1,1041.4
1992,XCd2ixUKmlSQ,2,voucher,1,473.36
1993,Wf8C2slVfCxn,16,voucher,1,534.25
1994,OQdOTazBxsOV,2,voucher,1,114.65
1995,HJxN431QSR82,1,voucher,1,222.0
1996,7eaeDiBydVCQ,1,voucher,1,281.71
1997,dtgtany2uoib,2,voucher,1,215.85
1998,nal6kNi057n1,3,voucher,1,33.48
1999,rNghiJLPuhLK,2,voucher,1,472.63
2000,ENE2xoFWBYUn,3,voucher,1,379.97
2001,DSmqKcS3RJpT,3,voucher,1,447.68
2002,jVgz0ZdXkYP1,6,voucher,1,88.39
2003,01PTGbWMQGze,2,voucher,1,320.73
2004,4uEse2ryQdol,2,voucher,1,144.26
2005,BSe3mtePwnXS,3,voucher,1,306.63
2006,yMc8JJk8tzza,5,voucher,1,491.52
2007,OfLOHyYgBjLA,2,voucher,1,6.7
2008,PLmjum49WIXn,2,voucher,1,75.83
2009,dhv8I2YSBjUO,2,voucher,1,32.79
2010,WkJ7uJVsPoEu,2,voucher,1,329.5
2011,SpYcczKfE7eN,4,voucher,1,353.09
2012,wLRxUEeg4AFt,1,voucher,1,161.21
2013,eDPmgHoXVx3c,2,voucher,1,1843.85
2014,eqDvmwueeJtm,1,voucher,1,30.78
2015,bYiXEseXDsGA,1,voucher,1,243.23
2016,03Hnq7RnUpHA,2,voucher,1,84.67
2017,YpjqiG20cDia,1,voucher,1,33.48
2018,IyngZX1eQqkt,2,voucher,1,381.0
2019,wUqI7T5q7Gck,3,voucher,1,12.14
2020,7hlSZzbucNCd,11,voucher,1,64.01
2021,HpJ9kNTOJ4Bq,3,voucher,1,509.66
2022,iUi0tswQGoYq,2,voucher,1,473.84
2023,gqctCaKbFeVn,1,voucher,1,126.81
2024,VKSlwZqiK2EQ,4,voucher,1,61.62
2025,i7BHjQl6V28Y,2,voucher,1,256.48
2026,iU2XHh4QCl5g,2,voucher,1,145.48
2027,zHeBO9MNR6Ek,1,voucher,1,36.8
2028,kugFIQg9ApQQ,2,voucher,1,223.08
2029,4UJK4GWICbvg,3,voucher,1,190.46
2030,IK5rA7AmkhBo,2,voucher,1,324.98
2031,iJfSI5CT2kko,6,voucher,1,3.89
2032,prOoURkpdAec,1,voucher,1,506.98
2033,q5lkvp832hmT,2,voucher,1,1843.85
2034,YylkeQtJkelI,3,voucher,1,56.94
2035,9f9CnaNfyVgY,13,voucher,1,534.25
2036,Df3xECdck2i9,2,voucher,1,33.48
2037,ujHZIqrSIXa6,1,voucher,1,387.64
2038,OakybmbdAZdG,3,voucher,1,247.88
2039,GDhlI9QD6C7t,2,voucher,1,94.74
2040,ramktPUy1d97,1,voucher,1,63.8
2041,9Cvcj8CNU0FE,3,voucher,1,1843.85
2042,ufvHluHVrOsm,1,voucher,1,27.38
2043,eZhtChQ8gx0m,2,voucher,1,9.25
2044,05ZAsTNa73et,1,voucher,1,888.84
2045,ktYFvzCpZEk5,6,voucher,1,182.98
2046,9GVDMcOtyJwM,9,voucher,1,12.14
2047,CPGx1owZht6D,2,voucher,1,55.02
2048,jSDWzhgB3UlX,1,voucher,1,841.28
2049,I2O570BBhYho,2,voucher,1,103.39
2050,3Tbnz0ka1R2i,2,voucher,1,447.68
2051,RK04Zv3tltcO,3,voucher,1,116.92
2052,cyXMrOGgTxwI,1,voucher,1,23.3
2053,Xr45MGBKrqcr,1,voucher,1,105.62
2054,arb9lwWKOgb8,2,voucher,1,141.17
2055,JcuJvrSeuUZo,1,voucher,1,115.51
2056,XurrtJWA1d3a,1,voucher,1,94.83
2057,54ISDxtITptx,1,voucher,1,410.56
2058,O73yAR4AAc7q,2,voucher,1,75.42
2059,3zQ8zPcL2Cy4,1,voucher,1,278.52
2060,6f81mOTNheuJ,2,voucher,1,193.31
2061,VzAl2Pgg9KUc,2,voucher,1,280.89
2062,veuWldAP1nX0,2,voucher,1,406.58
2063,MTmxyWTrxWHw,2,voucher,1,194.88
2064,hAkMsiDrZUKm,9,voucher,1,337.24
2065,sRoQqa5Xzjkj,2,voucher,1,46.7
2066,mhsPC1MA7okq,2,voucher,1,33.48
2067,yeKFcteM7uu7,2,voucher,1,446.94
2068,kUhlAxfkNtuN,3,voucher,1,33.48
2069,jrKKq4jWztfd,1,voucher,1,269.75
2070,BdeX21zmTkoV,2,voucher,1,12.1
2071,aBfVFydhxcDz,2,voucher,1,385.68
2072,fj56laLgKBh6,3,voucher,1,321.92
2073,VilANiGKXmvQ,2,voucher,1,75.47
2074,Wp1ZuyCzGtvH,1,voucher,1,33.48
2075,kfekFr8lXKrM,9,voucher,1,337.24
2076,TluHrslUKkZN,1,voucher,1,588.06
2077,GQS8CsL8dnwm,2,voucher,1,726.76
2078,USRWTMt1nJia,1,voucher,1,462.07
2079,3TuExd3Nugqu,5,voucher,1,33.48
2080,ua9O96q7rirR,2,voucher,1,158.58
2081,0WHs8T68pMWk,2,voucher,1,1843.85
2082,L69VMzFfhtRq,1,voucher,1,163.7
2083,jo0BczwIExK8,3,voucher,1,25.58
2084,re4WNfuHBzRO,1,voucher,1,605.93
2085,Bt6mNUr3XjnR,2,voucher,1,25.58
2086,mKQXmcsOUaYH,2,voucher,1,406.58
2087,PUZsyKUNNrtF,2,voucher,1,1843.85
2088,ERE9MCpB3okU,1,voucher,1,672.41
2089,jJr7Gekdjsen,1,voucher,1,33.48
